id_task,application_type,creation_date,completion_date,time_compute (s),time_env (s),time_dl (s),time_up (s),mobo_uuid,qrad_uuid,qbox_uuid,cpu_name,nb_cores,status,dataset,dataset_size,node_id
120403,Risk,2021-02-27 13:44:55,2021-03-01 13:47:59,172881,92,10,0,4F424F4D-58D8-00D7-B137-00D861156A01,44415251-58D8-00D7-B137-000000000000,584f4251-4000-0000-1001-000000000005,AMD Ryzen 7 2700X Eight-Core Processor,8,Preempted,ds145,283,1
2209607,Risk,2022-03-18 11:50:13,2022-03-18 11:52:39,0,140,1,1,4F424F4D-58D8-00D7-B08F-00D8611556B1,44415251-58D8-00D7-B08F-000000000000,584f4251-4000-0000-1001-000000000001,AMD Ryzen 7 2700X Eight-Core Processor,8,Preempted,ds1,681,4
1341860,3DRender,2021-10-17 22:11:23,2021-10-17 22:22:09,644,1,1,2,4F424F4D-58D8-00D7-A5E8-00D8619C7688,44415251-58D8-00D7-A5E8-000000000000,584f4251-4000-0000-1000-000000000019,AMD Ryzen 7 2700X Eight-Core Processor,8,Completed,ds6,846,2
138150,3DRender,2021-03-07 23:10:05,2021-03-07 23:17:31,350,94,1,1,4F424F4D-58D8-00D7-A615-00D8619C74AB,44415251-58D8-00D7-A615-000000000000,584f4251-4000-0000-1000-000000000015,AMD Ryzen 7 2700X Eight-Core Processor,8,Failed,ds53,968,4
1357621,Risk,2021-10-20 20:07:23,2021-10-20 20:13:31,77,97,1,2,4F424F4D-58D8-01D7-3863-00D8611556E4,44415251-58D8-01D7-3863-000000000000,584f4251-4000-0000-1001-000000000003,AMD Ryzen 7 2700X Eight-Core Processor,8,Preempted,ds9,466,7
1530140,Risk,2021-11-17 12:17:30,2021-11-23 13:48:09,523578,248,7,1,4F424F4D-ADF0-084E-AC68-00D861155688,44415251-ADF0-084E-AC68-000000000000,584f4251-4000-0000-1001-000000000004,AMD Ryzen 7 2700X Eight-Core Processor,8,Preempted,ds229,515,3
3464615,3DRender,2022-09-26 13:01:35,2022-09-26 13:02:30,51,1,1,2,4F424F4D-58D8-01D7-3A91-00D8617B0E02,44415251-58D8-01D7-3A91-000000000000,584f4251-4000-0000-1000-000000000006,AMD Ryzen Threadripper 2990WX 32-Core Processor,32,Completed,ds416,410,2
2282987,3DRender,2022-03-30 13:00:13,2022-03-30 13:06:47,259,63,47,23,4F424F4D-58D8-01D7-3AF1-00D861C8FAEC,44415251-58D8-01D7-3AF1-000000000000,584f4251-3000-0000-2000-000000000002,AMD Ryzen 7 2700 Eight-Core Processor,8,Completed,ds6,846,3
127154,Risk,2021-03-03 08:19:01,2021-03-03 09:53:21,5548,79,26,0,4F424F4D-58D8-00D7-B137-00D861155549,44415251-58D8-00D7-B137-000000000000,584f4251-4000-0000-1001-000000000005,AMD Ryzen 7 2700X Eight-Core Processor,8,Preempted,ds4,142,7
3337318,3DRender,2022-08-29 07:38:35,2022-08-29 07:39:19,40,1,1,2,4F424F4D-58D8-01D7-3758-00D8619C74B2,44415251-58D8-01D7-3758-000000000000,584f4251-4000-0000-1000-000000000017,AMD Ryzen 7 2700X Eight-Core Processor,8,Completed,ds2,438,7
2705054,Risk,2022-06-03 23:06:44,2022-06-04 19:25:23,72998,110,8,1,4F424F4D-58D8-00D7-A70E-00D8619C7784,44415251-58D8-00D7-A70E-000000000000,584f4251-4000-0000-1000-000000000015,AMD Ryzen 7 2700X Eight-Core Processor,8,Cancelled,ds265,423,7
346362,3DRender,2021-04-29 02:26:06,2021-04-29 02:27:47,97,1,1,3,4F424F4D-58D8-01D7-3809-049226D9D984,44415251-58D8-01D7-3809-000000000000,584f4251-4000-0000-1000-000000000004,AMD Ryzen Threadripper 2950X 16-Core Processor,16,Completed,ds421,199,6
919034,Risk,2021-07-24 08:36:19,2021-07-24 08:40:17,98,98,30,0,4F424F4D-58D8-00D7-A606-00D8619C7369,44415251-58D8-00D7-A606-000000000000,584f4251-4000-0000-1000-000000000015,AMD Ryzen 7 2700X Eight-Core Processor,8,Preempted,ds81,663,7
2399094,3DRender,2022-04-19 17:53:18,2022-04-19 18:36:29,2451,118,14,7,4F424F4D-58D8-01D7-3A91-00D8615781E5,44415251-58D8-01D7-3A91-000000000000,584f4251-4000-0000-1000-000000000006,AMD Ryzen Threadripper 2990WX 32-Core Processor,32,Completed,ds1,681,3
1509803,3DRender,2021-11-17 17:00:28,2021-11-17 17:16:26,850,97,7,2,4F424F4D-ADF0-084E-AC5B-00D8617B0DB6,44415251-ADF0-084E-AC5B-000000000000,584f4251-4000-0000-1000-000000000016,AMD Ryzen Threadripper 2990WX 32-Core Processor,32,Completed,ds956,612,2
2625825,3DRender,2022-05-24 18:13:20,2022-05-24 18:16:17,15,160,1,2,4F424F4D-ADF0-084E-AC6B-049226DA3DE9,44415251-ADF0-084E-AC6B-000000000000,584f4251-4000-0000-1000-000000000006,AMD Ryzen Threadripper 2990WX 32-Core Processor,32,Completed,ds9,466,0
2696188,3DRender,2022-06-03 09:08:33,2022-06-03 09:45:27,2212,1,1,1,4F424F4D-58D8-01D7-3A37-00D861C8FB2C,44415251-58D8-01D7-3A37-000000000000,584f4251-3000-0000-2000-000000000002,AMD Ryzen 7 2700 Eight-Core Processor,8,Completed,ds1,681,4
3571642,3DRender,2022-10-09 11:36:06,2022-10-09 11:37:47,100,1,1,1,4F424F4D-58D8-00D7-B1C1-00D861C8FC51,44415251-58D8-00D7-B1C1-000000000000,584f4251-2000-0000-0001-000000000001,AMD Ryzen 7 2700X Eight-Core Processor,8,Completed,ds133,643,1
2033571,Risk,2022-02-22 16:39:55,2022-02-23 16:13:53,84625,182,26,1,4F424F4D-ADF0-084E-AC68-00D86115561B,44415251-ADF0-084E-AC68-000000000000,584f4251-4000-0000-1001-000000000004,AMD Ryzen 7 2700X Eight-Core Processor,8,Preempted,ds31,1009,0
2456710,Risk,2022-04-27 21:55:00,2022-04-27 21:58:10,0,0,184,1,4F424F4D-58D8-01D7-35BD-00D861156966,44415251-58D8-01D7-35BD-000000000000,584f4251-4000-0000-1001-000000000003,AMD Ryzen 7 2700X Eight-Core Processor,8,Failed,ds10,801,1
1331862,3DRender,2021-10-17 11:07:30,2021-10-17 11:12:45,212,99,1,2,4F424F4D-58D8-00D7-A59A-00D8619C7409,44415251-58D8-00D7-A59A-000000000000,584f4251-4000-0000-1000-000000000019,AMD Ryzen 7 2700X Eight-Core Processor,8,Completed,ds3,497,5
3420559,3DRender,2022-09-12 11:23:48,2022-09-12 11:29:26,157,160,18,1,4F424F4D-ADF0-084E-AC2E-00D8619C75FF,44415251-ADF0-084E-AC2E-000000000000,584f4251-4000-0000-1000-000000000017,AMD Ryzen 7 2700X Eight-Core Processor,8,Completed,ds19,843,2
2425675,3DRender,2022-04-22 23:50:47,2022-04-23 00:53:21,3745,1,1,8,4F424F4D-ADF0-084E-AC5B-00D8617B0C10,44415251-ADF0-084E-AC5B-000000000000,584f4251-4000-0000-1000-000000000016,AMD Ryzen Threadripper 2990WX 32-Core Processor,32,Completed,ds11,956,2
1899926,3DRender,2022-02-06 10:03:25,2022-02-06 10:04:31,61,1,1,3,4F424F4D-58D8-01D7-3695-00D8617B0EB2,44415251-58D8-01D7-3695-000000000000,584f4251-4000-0000-1001-000000000006,AMD Ryzen Threadripper 2950X 16-Core Processor,16,Completed,ds202,729,7
313217,3DRender,2021-04-24 21:37:49,2021-04-24 21:52:06,721,133,1,2,4F424F4D-58D8-01D7-36C2-049226D9D9A7,44415251-58D8-01D7-36C2-000000000000,584f4251-4000-0000-1000-000000000004,AMD Ryzen Threadripper 2950X 16-Core Processor,16,Completed,ds409,588,5
703543,3DRender,2021-06-21 08:52:08,2021-06-21 08:56:05,232,1,1,4,4F424F4D-58D8-01D7-3AEE-00D8617B5DC3,44415251-58D8-01D7-3AEE-000000000000,584f4251-2001-0000-0000-000000000001,AMD Ryzen 7 2700 Eight-Core Processor,8,Completed,ds1,681,4
660012,3DRender,2021-06-14 07:29:21,2021-06-14 07:39:08,482,96,6,3,4F424F4D-ADF0-084E-ABEE-00D8619C739F,44415251-ADF0-084E-ABEE-000000000000,584f4251-4000-0000-1000-000000000012,AMD Ryzen 7 2700X Eight-Core Processor,8,Completed,ds4,142,2
457466,Risk,2021-05-11 15:48:05,2021-05-11 15:53:54,0,223,115,0,4F424F4D-ADF0-084E-AC2E-00D8619C7733,44415251-ADF0-084E-AC2E-000000000000,584f4251-4000-0000-1000-000000000017,AMD Ryzen 7 2700X Eight-Core Processor,8,Preempted,ds2,438,6
1769721,Risk,2022-01-22 02:11:15,2022-01-22 02:12:50,0,92,1,1,4F424F4D-58D8-01D7-3B03-00D861C8FABC,44415251-58D8-01D7-3B03-000000000000,584f4251-3000-0000-2000-000000000002,AMD Ryzen 7 2700 Eight-Core Processor,8,Preempted,ds2,438,7
3437443,3DRender,2022-09-18 00:23:40,2022-09-18 00:25:27,104,1,1,2,4F424F4D-58D8-00D7-86CE-00D8619C7340,44415251-58D8-00D7-86CE-000000000000,584f4251-4000-0000-1000-000000000017,AMD Ryzen 7 2700X Eight-Core Processor,8,Completed,ds2,438,6
2427840,3DRender,2022-04-23 21:58:58,2022-04-23 22:06:32,318,123,1,0,4F424F4D-58D8-01D7-3A91-00D8617B0B7C,44415251-58D8-01D7-3A91-000000000000,584f4251-4000-0000-1000-000000000006,AMD Ryzen Threadripper 2990WX 32-Core Processor,32,Cancelled,ds1,681,7
396856,3DRender,2021-05-04 02:07:08,2021-05-04 02:18:55,361,324,12,8,4F424F4D-58D8-01D7-36C2-049226D9D8D8,44415251-58D8-01D7-36C2-000000000000,584f4251-4000-0000-1000-000000000004,AMD Ryzen Threadripper 2950X 16-Core Processor,16,Completed,ds78,445,6
2725682,3DRender,2022-06-07 15:54:39,2022-06-07 16:07:19,196,97,467,1,4F424F4D-ADF0-084E-AC5B-00D8617B0B9F,44415251-ADF0-084E-AC5B-000000000000,584f4251-4000-0000-1000-000000000016,AMD Ryzen Threadripper 2990WX 32-Core Processor,32,Completed,ds7,394,4
2284154,3DRender,2022-03-30 23:25:09,2022-03-30 23:45:34,659,81,62,420,4F424F4D-58D8-01D7-3AF1-00D861C8FBAB,44415251-58D8-01D7-3AF1-000000000000,584f4251-3000-0000-2000-000000000002,AMD Ryzen 7 2700 Eight-Core Processor,8,Completed,ds2,438,6
91694,Risk,2021-02-17 03:05:21,2021-02-17 03:38:27,1896,84,1,0,4F424F4D-58D8-01D7-3842-00D8619C7367,44415251-58D8-01D7-3842-000000000000,584f4251-4000-0000-1001-000000000005,AMD Ryzen 7 2700X Eight-Core Processor,8,Preempted,ds137,407,4
3456543,Risk,2022-09-22 12:33:55,2022-09-23 06:25:08,64093,142,26,0,4F424F4D-58D8-01D7-376A-00D8619C738A,44415251-58D8-01D7-376A-000000000000,584f4251-4000-0000-1001-000000000001,AMD Ryzen 7 2700X Eight-Core Processor,8,Preempted,ds7,394,2
2960477,3DRender,2022-06-30 22:51:42,2022-06-30 22:56:54,208,103,1,1,4F424F4D-58D8-01D7-3848-00D861155557,44415251-58D8-01D7-3848-000000000000,584f4251-4000-0000-1001-000000000005,AMD Ryzen 7 2700X Eight-Core Processor,8,Completed,ds34,685,4
1817741,Risk,2022-01-28 18:00:37,2022-01-28 21:09:06,11160,104,22,1,4F424F4D-58D8-01D7-35BD-00D861155572,44415251-58D8-01D7-35BD-000000000000,584f4251-4000-0000-1001-000000000003,AMD Ryzen 7 2700X Eight-Core Processor,8,Preempted,ds513,448,7
3032368,Risk,2022-07-11 19:03:04,2022-07-12 12:16:50,61901,109,4,0,4F424F4D-58D8-01D7-376A-00D8619C76E1,44415251-58D8-01D7-376A-000000000000,584f4251-4000-0000-1001-000000000001,AMD Ryzen 7 2700X Eight-Core Processor,8,Cancelled,ds1,681,5
1708993,Risk,2022-01-14 03:46:35,2022-01-14 03:49:37,0,0,180,1,4F424F4D-58D8-01D7-3653-00D86115566F,44415251-58D8-01D7-3653-000000000000,584f4251-4000-0000-1001-000000000004,AMD Ryzen 7 2700X Eight-Core Processor,8,Failed,ds2,438,7
2428691,3DRender,2022-04-24 00:54:28,2022-04-24 01:16:25,1199,98,11,0,4F424F4D-ADF0-084E-AC5B-00D8615781A4,44415251-ADF0-084E-AC5B-000000000000,584f4251-4000-0000-1000-000000000016,AMD Ryzen Threadripper 2990WX 32-Core Processor,32,Cancelled,ds14,696,2
1470275,Risk,2021-11-09 07:13:11,2021-11-09 07:48:00,1978,98,9,0,4F424F4D-ADF0-084E-AC2E-00D8619C763E,44415251-ADF0-084E-AC2E-000000000000,584f4251-4000-0000-1000-000000000017,AMD Ryzen 7 2700X Eight-Core Processor,8,Cancelled,ds39,919,5
458957,3DRender,2021-05-12 08:29:52,2021-05-12 08:31:03,7,54,7,1,4F424F4D-58D8-00D7-B1BB-00D861C8FB69,44415251-58D8-00D7-B1BB-000000000000,584f4251-2000-0000-0001-000000000001,AMD Ryzen 7 2700X Eight-Core Processor,8,Completed,ds351,931,3
2964221,3DRender,2022-07-01 14:42:48,2022-07-01 14:46:00,116,72,1,3,4F424F4D-58D8-01D7-3695-00D86157849C,44415251-58D8-01D7-3695-000000000000,584f4251-4000-0000-1001-000000000006,AMD Ryzen Threadripper 2950X 16-Core Processor,16,Completed,ds1,681,0
136985,3DRender,2021-03-07 11:53:28,2021-03-07 11:55:51,46,95,1,1,4F424F4D-58D8-00D7-A615-00D8619C7443,44415251-58D8-00D7-A615-000000000000,584f4251-4000-0000-1000-000000000015,AMD Ryzen 7 2700X Eight-Core Processor,8,Completed,ds2,438,0
2446747,Risk,2022-04-22 19:51:43,2022-04-26 11:21:19,314855,103,13,1,4F424F4D-ADF0-084E-AC68-00D86115560E,44415251-ADF0-084E-AC68-000000000000,584f4251-4000-0000-1001-000000000004,AMD Ryzen 7 2700X Eight-Core Processor,8,Cancelled,ds1,681,7
1800218,3DRender,2022-01-26 14:59:01,2022-01-26 15:00:41,15,83,1,1,4F424F4D-58D8-00D7-B200-00D861C8FE78,44415251-58D8-00D7-B200-000000000000,584f4251-2000-0000-0001-000000000001,AMD Ryzen 7 2700X Eight-Core Processor,8,Completed,ds513,448,5
1318719,Risk,2021-10-15 19:48:24,2021-10-15 20:36:59,2736,98,79,1,4F424F4D-58D8-00D7-A5E8-00D8619C773F,44415251-58D8-00D7-A5E8-000000000000,584f4251-4000-0000-1000-000000000019,AMD Ryzen 7 2700X Eight-Core Processor,8,Cancelled,ds1,681,6
2804422,Risk,2022-06-15 11:12:40,2022-06-15 11:25:07,501,235,1,1,4F424F4D-58D8-00D7-B158-00D86115554C,44415251-58D8-00D7-B158-000000000000,584f4251-4000-0000-1001-000000000005,AMD Ryzen 7 2700X Eight-Core Processor,8,Preempted,ds1,681,3
1626832,3DRender,2021-12-18 20:34:39,2021-12-18 20:41:30,408,1,1,1,4F424F4D-58D8-01D7-3A6D-00D8611555E7,44415251-58D8-01D7-3A6D-000000000000,584f4251-4000-0000-1001-000000000004,AMD Ryzen 7 2700X Eight-Core Processor,8,Completed,ds2,438,4
612890,Risk,2021-06-07 07:33:34,2021-06-07 07:45:41,605,69,8,0,4F424F4D-58D8-01D7-3AB8-00D8617B5DE7,44415251-58D8-01D7-3AB8-000000000000,584f4251-3000-0000-2000-000000000006,AMD Ryzen 7 2700 Eight-Core Processor,8,Preempted,ds476,297,2
3029448,Risk,2022-07-11 18:02:52,2022-07-11 18:04:59,0,113,3,0,4F424F4D-58D8-00D7-B08F-00D8611556A5,44415251-58D8-00D7-B08F-000000000000,584f4251-4000-0000-1001-000000000001,AMD Ryzen 7 2700X Eight-Core Processor,8,Preempted,ds678,666,3
2360875,3DRender,2022-04-13 13:26:09,2022-04-13 13:33:45,376,65,9,3,4F424F4D-58D8-01D7-3AF1-00D861C8FAEC,44415251-58D8-01D7-3AF1-000000000000,584f4251-3000-0000-2000-000000000002,AMD Ryzen 7 2700 Eight-Core Processor,8,Completed,ds924,425,0
3437553,3DRender,2022-09-18 00:26:44,2022-09-18 00:28:07,80,1,1,1,4F424F4D-58D8-00D7-A606-00D8619C7382,44415251-58D8-00D7-A606-000000000000,584f4251-4000-0000-1000-000000000015,AMD Ryzen 7 2700X Eight-Core Processor,8,Completed,ds3,497,7
701507,3DRender,2021-06-21 00:35:09,2021-06-21 00:39:45,205,68,1,1,4F424F4D-58D8-01D7-3AB5-00D861C8FAB2,44415251-58D8-01D7-3AB5-000000000000,584f4251-3000-0000-2000-000000000002,AMD Ryzen 7 2700 Eight-Core Processor,8,Completed,ds77,106,4
1051649,Risk,2021-08-24 11:38:22,2021-08-28 09:02:26,336100,72,25,0,4F424F4D-58D8-01D7-3AB5-00D861C8FAFF,44415251-58D8-01D7-3AB5-000000000000,584f4251-3000-0000-2000-000000000002,AMD Ryzen 7 2700 Eight-Core Processor,8,Preempted,ds255,374,6
1490250,3DRender,2021-11-14 16:34:18,2021-11-14 16:35:20,59,1,1,2,4F424F4D-58D8-01D7-3758-00D8619C7552,44415251-58D8-01D7-3758-000000000000,584f4251-4000-0000-1000-000000000017,AMD Ryzen 7 2700X Eight-Core Processor,8,Completed,ds1,681,6
480558,3DRender,2021-05-14 05:12:16,2021-05-14 05:16:50,178,93,1,3,4F424F4D-58D8-01D7-3848-00D86115556D,44415251-58D8-01D7-3848-000000000000,584f4251-4000-0000-1001-000000000005,AMD Ryzen 7 2700X Eight-Core Processor,8,Completed,ds663,820,3
529449,3DRender,2021-05-20 14:42:26,2021-05-20 14:44:27,0,121,1,0,4F424F4D-58D8-01D7-36C2-049226D9D9A7,44415251-58D8-01D7-36C2-000000000000,584f4251-4000-0000-1000-000000000004,AMD Ryzen Threadripper 2950X 16-Core Processor,16,Preempted,ds1,681,1
2083088,3DRender,2022-03-02 18:26:42,2022-03-02 18:28:34,107,1,1,3,4F424F4D-58D8-01D7-3A91-00D8617B0EAC,44415251-58D8-01D7-3A91-000000000000,584f4251-4000-0000-1000-000000000006,AMD Ryzen Threadripper 2990WX 32-Core Processor,32,Completed,ds60,420,0
178564,3DRender,2021-03-22 16:38:14,2021-03-22 16:47:09,448,75,9,1,4F424F4D-58D8-01D7-3A6D-00D8611555E7,44415251-58D8-01D7-3A6D-000000000000,584f4251-4000-0000-1001-000000000004,AMD Ryzen 7 2700X Eight-Core Processor,8,Completed,ds13,789,5
1335966,3DRender,2021-10-17 16:55:30,2021-10-17 16:59:16,223,1,1,1,4F424F4D-58D8-00D7-A59A-00D8619C7409,44415251-58D8-00D7-A59A-000000000000,584f4251-4000-0000-1000-000000000019,AMD Ryzen 7 2700X Eight-Core Processor,8,Completed,ds2,438,7
2046819,3DRender,2022-02-25 08:57:47,2022-02-25 08:58:13,0,3,13,0,4F424F4D-58D8-01D7-3AB8-00D8617B5EDF,44415251-58D8-01D7-3AB8-000000000000,584f4251-3000-0000-2000-000000000006,AMD Ryzen 7 2700 Eight-Core Processor,8,Cancelled,ds28,148,5
2904831,Risk,2022-06-25 07:16:37,2022-06-25 07:22:47,263,104,1,1,4F424F4D-58D8-01D7-35BD-00D861156B39,44415251-58D8-01D7-35BD-000000000000,584f4251-4000-0000-1001-000000000003,AMD Ryzen 7 2700X Eight-Core Processor,8,Preempted,ds13,789,0
2905099,Risk,2022-06-25 09:07:08,2022-06-25 09:09:47,0,146,4,1,4F424F4D-58D8-01D7-3863-00D86115567C,44415251-58D8-01D7-3863-000000000000,584f4251-4000-0000-1001-000000000003,AMD Ryzen 7 2700X Eight-Core Processor,8,Cancelled,ds6,846,1
1886940,3DRender,2022-02-04 16:22:53,2022-02-04 16:27:08,252,1,1,1,4F424F4D-58D8-01D7-3A6D-00D861156B42,44415251-58D8-01D7-3A6D-000000000000,584f4251-4000-0000-1001-000000000004,AMD Ryzen 7 2700X Eight-Core Processor,8,Completed,ds929,181,6
1241333,3DRender,2021-10-01 10:57:48,2021-10-01 11:06:39,407,113,7,2,4F424F4D-58D8-01D7-3B00-00D861C8FC61,44415251-58D8-01D7-3B00-000000000000,584f4251-2001-0000-0000-000000000001,AMD Ryzen 7 2700 Eight-Core Processor,8,Completed,ds11,956,2
346993,3DRender,2021-04-29 03:23:04,2021-04-29 03:40:59,1072,1,1,3,4F424F4D-58D8-01D7-36C2-049226DA6540,44415251-58D8-01D7-36C2-000000000000,584f4251-4000-0000-1000-000000000004,AMD Ryzen Threadripper 2950X 16-Core Processor,16,Completed,ds961,841,6
1212017,3DRender,2021-09-28 20:14:54,2021-09-28 20:30:20,853,71,1,1,4F424F4D-58D8-01D7-3AEE-00D8617B5DD7,44415251-58D8-01D7-3AEE-000000000000,584f4251-2001-0000-0000-000000000001,AMD Ryzen 7 2700 Eight-Core Processor,8,Completed,ds108,840,2
3456106,3DRender,2022-09-23 05:12:22,2022-09-23 05:44:36,1931,1,1,2,4F424F4D-58D8-00D7-A615-00D8619C741F,44415251-58D8-00D7-A615-000000000000,584f4251-4000-0000-1000-000000000015,AMD Ryzen 7 2700X Eight-Core Processor,8,Completed,ds24,838,0
2604831,3DRender,2022-05-19 14:00:10,2022-05-19 14:06:18,205,139,16,0,4F424F4D-ADF0-084E-ABC1-049226DA3D56,44415251-ADF0-084E-ABC1-000000000000,584f4251-4000-0000-1000-000000000016,AMD Ryzen Threadripper 2990WX 32-Core Processor,32,Cancelled,ds12,490,4
665591,3DRender,2021-06-15 09:35:43,2021-06-15 09:38:42,88,86,1,2,4F424F4D-58D8-01D7-3AEE-00D8617B5FD1,44415251-58D8-01D7-3AEE-000000000000,584f4251-2001-0000-0000-000000000001,AMD Ryzen 7 2700 Eight-Core Processor,8,Completed,ds1,681,6
488958,3DRender,2021-05-14 16:43:32,2021-05-14 16:44:16,36,1,1,5,4F424F4D-58D8-01D7-3809-049226DA3E39,44415251-58D8-01D7-3809-000000000000,584f4251-4000-0000-1000-000000000004,AMD Ryzen Threadripper 2950X 16-Core Processor,16,Completed,ds404,278,0
863162,Risk,2021-07-11 23:47:10,2021-07-12 09:45:22,35719,103,53,0,4F424F4D-58D8-00D7-B158-00D861155537,44415251-58D8-00D7-B158-000000000000,584f4251-4000-0000-1001-000000000005,AMD Ryzen 7 2700X Eight-Core Processor,8,Preempted,ds1,681,6
1198021,3DRender,2021-09-25 19:55:24,2021-09-25 19:55:56,29,1,1,2,4F424F4D-58D8-01D7-3653-00D861156B1B,44415251-58D8-01D7-3653-000000000000,584f4251-4000-0000-1001-000000000004,AMD Ryzen 7 2700X Eight-Core Processor,8,Completed,ds85,437,5
1120674,3DRender,2021-09-13 00:51:38,2021-09-13 00:59:41,419,61,1,3,4F424F4D-58D8-00D7-B08C-00D861C8FAE1,44415251-58D8-00D7-B08C-000000000000,584f4251-2001-0000-0000-000000000002,AMD Ryzen 7 2700 Eight-Core Processor,8,Completed,ds1,681,6
543050,3DRender,2021-05-22 03:41:37,2021-05-22 03:45:42,148,95,1,1,4F424F4D-ADF0-084E-ABEE-00D8619C73D4,44415251-ADF0-084E-ABEE-000000000000,584f4251-4000-0000-1000-000000000012,AMD Ryzen 7 2700X Eight-Core Processor,8,Completed,ds1,681,5
782907,3DRender,2021-07-07 10:34:33,2021-07-07 10:43:54,454,102,1,3,4F424F4D-ADF0-084E-ABEE-00D8619C776E,44415251-ADF0-084E-ABEE-000000000000,584f4251-4000-0000-1000-000000000012,AMD Ryzen 7 2700X Eight-Core Processor,8,Completed,ds42,759,6
2951389,3DRender,2022-06-29 16:07:34,2022-06-29 16:10:46,188,1,1,2,4F424F4D-58D8-01D7-3695-00D8617B0C30,44415251-58D8-01D7-3695-000000000000,584f4251-4000-0000-1001-000000000006,AMD Ryzen Threadripper 2950X 16-Core Processor,16,Completed,ds20,833,3
535837,3DRender,2021-05-21 08:13:31,2021-05-21 08:36:55,974,425,1,3,4F424F4D-58D8-01D7-36C2-049226D9D8D8,44415251-58D8-01D7-36C2-000000000000,584f4251-4000-0000-1000-000000000004,AMD Ryzen Threadripper 2950X 16-Core Processor,16,Completed,ds14,696,5
2301922,3DRender,2022-04-05 10:18:32,2022-04-05 10:23:07,105,159,11,1,4F424F4D-ADF0-084E-AC6B-049226DA3CC4,44415251-ADF0-084E-AC6B-000000000000,584f4251-4000-0000-1000-000000000006,AMD Ryzen Threadripper 2990WX 32-Core Processor,32,Completed,ds1,681,4
2964035,3DRender,2022-07-01 12:28:21,2022-07-01 12:32:41,95,151,12,1,4F424F4D-58D8-01D7-3A6D-00D861156C91,44415251-58D8-01D7-3A6D-000000000000,584f4251-4000-0000-1001-000000000004,AMD Ryzen 7 2700X Eight-Core Processor,8,Completed,ds78,445,0
2510721,3DRender,2022-05-05 10:37:12,2022-05-05 10:37:45,30,1,1,2,4F424F4D-58D8-00D7-B077-049226DA64AE,44415251-58D8-00D7-B077-000000000000,584f4251-4000-0000-1000-000000000016,AMD Ryzen Threadripper 2990WX 32-Core Processor,32,Completed,ds3,497,0
377450,3DRender,2021-05-01 18:04:26,2021-05-01 18:21:19,788,208,11,3,4F424F4D-58D8-01D7-3809-049226D9D922,44415251-58D8-01D7-3809-000000000000,584f4251-4000-0000-1000-000000000004,AMD Ryzen Threadripper 2950X 16-Core Processor,16,Completed,ds2,438,1
1381790,3DRender,2021-10-23 12:19:55,2021-10-23 12:20:27,28,1,1,3,4F424F4D-58D8-01D7-3A6D-00D861156BA3,44415251-58D8-01D7-3A6D-000000000000,584f4251-4000-0000-1001-000000000004,AMD Ryzen 7 2700X Eight-Core Processor,8,Completed,ds489,296,1
584130,3DRender,2021-05-31 07:06:22,2021-05-31 07:08:02,4,86,7,2,4F424F4D-ADF0-084E-ABC6-00D8619C73AF,44415251-ADF0-084E-ABC6-000000000000,584f4251-4000-0000-1000-000000000012,AMD Ryzen 7 2700X Eight-Core Processor,8,Completed,ds27,947,3
1314589,3DRender,2021-10-14 22:32:00,2021-10-14 22:35:52,125,102,1,3,4F424F4D-58D8-01D7-3746-00D8617B0CC2,44415251-58D8-01D7-3746-000000000000,584f4251-4000-0000-1000-000000000002,AMD Ryzen Threadripper 2950X 16-Core Processor,16,Completed,ds595,826,5
2450574,Risk,2022-04-27 01:56:46,2022-04-27 01:59:50,0,0,179,1,4F424F4D-58D8-01D7-3863-00D861155736,44415251-58D8-01D7-3863-000000000000,584f4251-4000-0000-1001-000000000003,AMD Ryzen 7 2700X Eight-Core Processor,8,Failed,ds405,665,1
227972,Risk,2021-04-07 08:10:23,2021-04-07 08:29:00,901,126,81,0,4F424F4D-58D8-01D7-3AB2-00D861C8FB79,44415251-58D8-01D7-3AB2-000000000000,584f4251-3000-0000-2000-000000000003,AMD Ryzen 7 2700 Eight-Core Processor,8,Preempted,ds1,681,4
1405437,3DRender,2021-10-26 21:18:56,2021-10-26 21:28:56,519,74,5,2,4F424F4D-58D8-01D7-376A-00D8619C7334,44415251-58D8-01D7-376A-000000000000,584f4251-4000-0000-1001-000000000001,AMD Ryzen 7 2700X Eight-Core Processor,8,Completed,ds360,634,5
405869,3DRender,2021-05-04 15:06:10,2021-05-04 15:19:16,447,172,162,4,4F424F4D-58D8-01D7-373D-00D8617B0C43,44415251-58D8-01D7-373D-000000000000,584f4251-4000-0000-1000-000000000007,AMD Ryzen Threadripper 2950X 16-Core Processor,16,Completed,ds761,490,6
119192,3DRender,2021-02-27 21:33:25,2021-02-27 23:08:29,5627,51,20,3,4F424F4D-58D8-00D7-B035-00D861C8FA9A,44415251-58D8-00D7-B035-000000000000,584f4251-2000-0000-0001-000000000003,AMD Ryzen 7 2700X Eight-Core Processor,8,Completed,ds545,104,5
778589,3DRender,2021-07-07 08:41:02,2021-07-07 08:42:48,3,98,1,3,4F424F4D-ADF0-084E-ABEE-00D8619C7850,44415251-ADF0-084E-ABEE-000000000000,584f4251-4000-0000-1000-000000000012,AMD Ryzen 7 2700X Eight-Core Processor,8,Failed,ds6,846,0
1098317,Risk,2021-09-05 00:46:06,2021-09-05 01:05:01,894,70,47,0,4F424F4D-58D8-01D7-3AB2-00D861C8FE67,44415251-58D8-01D7-3AB2-000000000000,584f4251-3000-0000-2000-000000000003,AMD Ryzen 7 2700 Eight-Core Processor,8,Preempted,ds1,681,7
2719964,3DRender,2022-06-06 19:24:43,2022-06-06 19:28:57,137,114,1,3,4F424F4D-ADF0-094E-099B-00D8617B0E71,44415251-ADF0-094E-099B-000000000000,584f4251-4000-0000-1001-000000000006,AMD Ryzen Threadripper 2950X 16-Core Processor,16,Completed,ds94,342,0
105772,Risk,2021-02-23 19:57:29,2021-02-23 19:57:54,0,0,1,0,4F424F4D-58D8-01D7-3842-00D8619C7350,44415251-58D8-01D7-3842-000000000000,584f4251-4000-0000-1001-000000000005,AMD Ryzen 7 2700X Eight-Core Processor,8,Preempted,ds24,838,3
1211412,3DRender,2021-09-28 18:52:41,2021-09-28 19:06:23,731,89,1,2,4F424F4D-58D8-01D7-37A3-00D86115561E,44415251-58D8-01D7-37A3-000000000000,584f4251-4000-0000-1001-000000000003,AMD Ryzen 7 2700X Eight-Core Processor,8,Completed,ds610,1017,1
269992,3DRender,2021-04-20 20:40:59,2021-04-20 20:45:03,105,135,1,2,4F424F4D-58D8-01D7-36C2-049226DA6540,44415251-58D8-01D7-36C2-000000000000,584f4251-4000-0000-1000-000000000004,AMD Ryzen Threadripper 2950X 16-Core Processor,16,Completed,ds50,269,5
2074966,3DRender,2022-03-01 18:12:42,2022-03-01 18:41:43,1614,110,12,4,4F424F4D-58D8-01D7-3A6D-00D8611555E7,44415251-58D8-01D7-3A6D-000000000000,584f4251-4000-0000-1001-000000000004,AMD Ryzen 7 2700X Eight-Core Processor,8,Completed,ds32,483,4
3560020,3DRender,2022-10-06 15:09:35,2022-10-06 15:14:00,33,190,40,1,4F424F4D-58D8-00D7-B077-049226DA1003,44415251-58D8-00D7-B077-000000000000,584f4251-4000-0000-1000-000000000016,AMD Ryzen Threadripper 2990WX 32-Core Processor,32,Failed,ds1,681,5
912341,Risk,2021-07-21 07:50:26,2021-07-21 10:01:07,7743,60,12,0,4F424F4D-58D8-01D7-3AB5-00D861C8FB52,44415251-58D8-01D7-3AB5-000000000000,584f4251-3000-0000-2000-000000000002,AMD Ryzen 7 2700 Eight-Core Processor,8,Preempted,ds5,576,2
531153,3DRender,2021-05-20 17:52:51,2021-05-20 17:54:57,0,121,1,0,4F424F4D-58D8-01D7-36C2-049226D9D9A7,44415251-58D8-01D7-36C2-000000000000,584f4251-4000-0000-1000-000000000004,AMD Ryzen Threadripper 2950X 16-Core Processor,16,Preempted,ds44,687,7
41646,Risk,2021-02-10 00:02:54,2021-02-11 11:14:42,126623,76,1,0,4F424F4D-58D8-01D7-3653-00D861156AA7,44415251-58D8-01D7-3653-000000000000,584f4251-4000-0000-1001-000000000004,AMD Ryzen 7 2700X Eight-Core Processor,8,Preempted,ds27,947,7
1138925,Risk,2021-09-19 06:39:57,2021-09-19 06:43:07,0,0,182,1,4F424F4D-58D8-01D7-3A04-00D861C8FAB6,44415251-58D8-01D7-3A04-000000000000,584f4251-3000-0000-2000-000000000003,AMD Ryzen 7 2700 Eight-Core Processor,8,Failed,ds2,438,1
341029,3DRender,2021-04-28 10:04:22,2021-04-28 10:04:48,0,22,1,0,4F424F4D-58D8-00D7-B137-00D861156A17,44415251-58D8-00D7-B137-000000000000,584f4251-4000-0000-1001-000000000005,AMD Ryzen 7 2700X Eight-Core Processor,8,Preempted,ds11,956,3
2693503,3DRender,2022-06-02 18:58:09,2022-06-02 19:36:56,115,89,2117,6,4F424F4D-ADF0-084E-AC5B-00D8617B0E1B,44415251-ADF0-084E-AC5B-000000000000,584f4251-4000-0000-1000-000000000016,AMD Ryzen Threadripper 2990WX 32-Core Processor,32,Completed,ds7,394,2
3438294,3DRender,2022-09-18 02:50:43,2022-09-18 02:55:00,35,210,8,2,4F424F4D-58D8-01D7-38BD-049226DA6401,44415251-58D8-01D7-38BD-000000000000,584f4251-4000-0000-1000-000000000006,AMD Ryzen Threadripper 2990WX 32-Core Processor,32,Completed,ds43,646,3
406735,3DRender,2021-05-04 16:11:50,2021-05-04 16:31:23,967,200,1,3,4F424F4D-58D8-01D7-3809-049226DA3CBC,44415251-58D8-01D7-3809-000000000000,584f4251-4000-0000-1000-000000000004,AMD Ryzen Threadripper 2950X 16-Core Processor,16,Completed,ds1,681,7
2902811,Risk,2022-06-24 15:41:33,2022-06-24 15:41:56,0,19,1,1,4F424F4D-58D8-01D7-35BD-00D86115554F,44415251-58D8-01D7-35BD-000000000000,584f4251-4000-0000-1001-000000000003,AMD Ryzen 7 2700X Eight-Core Processor,8,Preempted,ds1,681,3
1332771,3DRender,2021-10-17 11:56:35,2021-10-17 12:01:25,288,1,1,1,4F424F4D-58D8-00D7-B059-00D861C1E948,44415251-58D8-00D7-B059-000000000000,584f4251-2000-0000-0001-000000000001,AMD Ryzen 7 2700X Eight-Core Processor,8,Completed,ds288,114,0
3045111,Risk,2022-07-12 12:35:00,2022-07-13 16:12:31,99254,191,2,0,4F424F4D-58D8-01D7-3863-00D8611555DD,44415251-58D8-01D7-3863-000000000000,584f4251-4000-0000-1001-000000000003,AMD Ryzen 7 2700X Eight-Core Processor,8,Cancelled,ds1,681,5
34599,ML,2021-02-04 08:33:54,2021-02-04 08:54:21,1057,161,1,0,4F424F4D-ADF0-084E-AC6B-049226DA3E22,44415251-ADF0-084E-AC6B-000000000000,584f4251-4000-0000-1000-000000000006,AMD Ryzen Threadripper 2990WX 32-Core Processor,32,Preempted,ds10,801,4
33793,Risk,2021-02-04 03:12:56,2021-02-04 03:18:36,232,83,22,0,4F424F4D-ADF0-084E-AC68-00D8611556F0,44415251-ADF0-084E-AC68-000000000000,584f4251-4000-0000-1001-000000000004,AMD Ryzen 7 2700X Eight-Core Processor,8,Preempted,ds11,956,3
1866809,3DRender,2022-02-03 13:34:42,2022-02-03 13:35:25,7,26,4,3,4F424F4D-58D8-01D7-37A3-00D8611555DB,44415251-58D8-01D7-37A3-000000000000,584f4251-4000-0000-1001-000000000003,AMD Ryzen 7 2700X Eight-Core Processor,8,Completed,ds10,801,2
3482394,3DRender,2022-09-27 23:38:22,2022-09-28 00:06:34,420,189,1080,2,4F424F4D-58D8-01D7-3809-049226D9DACC,44415251-58D8-01D7-3809-000000000000,584f4251-4000-0000-1000-000000000004,AMD Ryzen Threadripper 2950X 16-Core Processor,16,Failed,ds82,1005,3
2052037,3DRender,2022-02-26 19:56:35,2022-02-26 20:04:43,151,100,9,226,4F424F4D-58D8-01D7-3A6D-00D861155653,44415251-58D8-01D7-3A6D-000000000000,584f4251-4000-0000-1001-000000000004,AMD Ryzen 7 2700X Eight-Core Processor,8,Failed,ds1,681,7
2044213,3DRender,2022-02-24 20:01:03,2022-02-24 20:06:47,241,98,1,3,4F424F4D-58D8-01D7-3863-00D861155656,44415251-58D8-01D7-3863-000000000000,584f4251-4000-0000-1001-000000000003,AMD Ryzen 7 2700X Eight-Core Processor,8,Completed,ds1,681,6
385197,3DRender,2021-05-02 14:36:34,2021-05-02 14:42:00,0,322,1,0,4F424F4D-58D8-01D7-36C2-049226D9D9A7,44415251-58D8-01D7-36C2-000000000000,584f4251-4000-0000-1000-000000000004,AMD Ryzen Threadripper 2950X 16-Core Processor,16,Preempted,ds896,115,2
992034,Risk,2021-08-10 05:59:24,2021-08-12 13:12:40,198630,99,54,0,4F424F4D-58D8-01D7-3653-00D861156A1A,44415251-58D8-01D7-3653-000000000000,584f4251-4000-0000-1001-000000000004,AMD Ryzen 7 2700X Eight-Core Processor,8,Preempted,ds1,681,6
2408583,Risk,2022-04-20 03:05:10,2022-04-21 11:12:10,115516,84,11,1,4F424F4D-58D8-01D7-384B-00D8619C7459,44415251-58D8-01D7-384B-000000000000,584f4251-4000-0000-1001-000000000001,AMD Ryzen 7 2700X Eight-Core Processor,8,Cancelled,ds115,706,4
13239,3DRender,2021-01-30 12:12:49,2021-01-30 12:14:13,12,70,1,1,4F424F4D-58D8-01D7-3AF1-00D861C8FC84,44415251-58D8-01D7-3AF1-000000000000,584f4251-3000-0000-2000-000000000002,AMD Ryzen 7 2700 Eight-Core Processor,8,Failed,ds1,681,2
2899621,Risk,2022-06-24 00:57:04,2022-06-24 01:04:44,284,84,61,1,4F424F4D-58D8-01D7-35BD-00D861155695,44415251-58D8-01D7-35BD-000000000000,584f4251-4000-0000-1001-000000000003,AMD Ryzen 7 2700X Eight-Core Processor,8,Cancelled,ds8,595,7
12765,Risk,2021-01-30 02:57:40,2021-01-30 03:12:22,799,81,1,0,4F424F4D-ADF0-084E-AC1B-00D8611575FA,44415251-ADF0-084E-AC1B-000000000000,584f4251-4000-0000-1001-000000000004,AMD Ryzen 7 2700X Eight-Core Processor,8,Preempted,ds49,104,3
2515924,3DRender,2022-05-05 13:54:06,2022-05-05 13:54:58,49,1,1,3,4F424F4D-58D8-00D7-B077-049226DA3E11,44415251-58D8-00D7-B077-000000000000,584f4251-4000-0000-1000-000000000016,AMD Ryzen Threadripper 2990WX 32-Core Processor,32,Completed,ds1,681,5
3093636,3DRender,2022-07-19 18:32:49,2022-07-19 18:36:15,0,101,103,0,4F424F4D-58D8-00D7-86CE-00D8619C758F,44415251-58D8-00D7-86CE-000000000000,584f4251-4000-0000-1000-000000000017,AMD Ryzen 7 2700X Eight-Core Processor,8,Preempted,ds44,687,2
3256668,3DRender,2022-08-12 11:32:46,2022-08-12 11:37:17,129,136,4,1,4F424F4D-58D8-00D7-B08F-00D8611556B4,44415251-58D8-00D7-B08F-000000000000,584f4251-4000-0000-1001-000000000001,AMD Ryzen 7 2700X Eight-Core Processor,8,Completed,ds797,786,6
1354181,3DRender,2021-10-20 03:35:00,2021-10-20 04:22:53,2760,98,8,0,4F424F4D-58D8-01D7-3848-00D861155547,44415251-58D8-01D7-3848-000000000000,584f4251-4000-0000-1001-000000000005,AMD Ryzen 7 2700X Eight-Core Processor,8,Cancelled,ds275,462,3
3007307,3DRender,2022-07-07 12:59:36,2022-07-07 13:02:23,36,129,1,2,4F424F4D-58D8-00D7-A3A5-00D8619C736F,44415251-58D8-00D7-A3A5-000000000000,584f4251-4000-0000-1000-000000000015,AMD Ryzen 7 2700X Eight-Core Processor,8,Completed,ds15,418,5
3476281,3DRender,2022-09-27 12:06:21,2022-09-27 12:08:26,123,1,1,1,4F424F4D-ADF0-084E-AC6B-049226DA3E22,44415251-ADF0-084E-AC6B-000000000000,584f4251-4000-0000-1000-000000000006,AMD Ryzen Threadripper 2990WX 32-Core Processor,32,Completed,ds1,681,3
724876,3DRender,2021-06-25 14:06:09,2021-06-25 14:07:30,8,63,6,1,4F424F4D-58D8-01D7-3B00-00D861C8FD38,44415251-58D8-01D7-3B00-000000000000,584f4251-2001-0000-0000-000000000001,AMD Ryzen 7 2700 Eight-Core Processor,8,Failed,ds7,394,6
1121599,Risk,2021-09-13 05:25:46,2021-09-13 05:28:47,0,177,1,0,4F424F4D-ADF0-084E-AC68-00D861155705,44415251-ADF0-084E-AC68-000000000000,584f4251-4000-0000-1001-000000000004,AMD Ryzen 7 2700X Eight-Core Processor,8,Preempted,ds614,381,5
2010165,3DRender,2022-02-20 00:23:40,2022-02-20 00:34:47,662,1,1,3,4F424F4D-58D8-00D7-B077-049226DA3C83,44415251-58D8-00D7-B077-000000000000,584f4251-4000-0000-1000-000000000016,AMD Ryzen Threadripper 2990WX 32-Core Processor,32,Completed,ds6,846,3
3627648,3DRender,2022-10-18 13:17:13,2022-10-18 13:17:21,5,1,1,2,4F424F4D-58D8-01D7-38BD-00D8617B0E00,44415251-58D8-01D7-38BD-000000000000,584f4251-4000-0000-1000-000000000006,AMD Ryzen Threadripper 2990WX 32-Core Processor,32,Completed,ds4,142,3
496743,3DRender,2021-05-14 22:09:28,2021-05-14 22:16:46,0,437,1,0,4F424F4D-58D8-01D7-3809-049226DA3CBC,44415251-58D8-01D7-3809-000000000000,584f4251-4000-0000-1000-000000000004,AMD Ryzen Threadripper 2950X 16-Core Processor,16,Preempted,ds98,440,1
1170287,3DRender,2021-09-22 12:51:09,2021-09-22 12:54:09,91,88,1,1,4F424F4D-58D8-00D7-B158-00D86115554E,44415251-58D8-00D7-B158-000000000000,584f4251-4000-0000-1001-000000000005,AMD Ryzen 7 2700X Eight-Core Processor,8,Completed,ds2,438,7
1113836,Risk,2021-09-10 04:38:42,2021-09-10 05:21:57,2459,99,18,0,4F424F4D-58D8-00D7-A70E-00D8619C7685,44415251-58D8-00D7-A70E-000000000000,584f4251-4000-0000-1000-000000000015,AMD Ryzen 7 2700X Eight-Core Processor,8,Preempted,ds1,681,0
163747,3DRender,2021-03-16 17:33:10,2021-03-16 17:34:40,26,62,1,1,4F424F4D-58D8-01D7-3AF1-00D861C8FB3D,44415251-58D8-01D7-3AF1-000000000000,584f4251-3000-0000-2000-000000000002,AMD Ryzen 7 2700 Eight-Core Processor,8,Completed,ds545,104,0
328981,3DRender,2021-04-26 18:18:19,2021-04-26 18:23:30,133,85,1,91,4F424F4D-58D8-01D7-3809-049226DA3E39,44415251-58D8-01D7-3809-000000000000,584f4251-4000-0000-1000-000000000004,AMD Ryzen Threadripper 2950X 16-Core Processor,16,Completed,ds28,148,5
1797799,3DRender,2022-01-26 11:34:54,2022-01-26 11:46:33,630,59,7,2,4F424F4D-58D8-00D7-AF03-00D861C8FC33,44415251-58D8-00D7-AF03-000000000000,584f4251-2000-0000-0001-000000000002,AMD Ryzen 7 2700X Eight-Core Processor,8,Completed,ds436,421,1
2003349,3DRender,2022-02-17 20:26:04,2022-02-17 21:51:42,4971,89,75,3,4F424F4D-ADF0-084E-AC5B-00D8617B0E1B,44415251-ADF0-084E-AC5B-000000000000,584f4251-4000-0000-1000-000000000016,AMD Ryzen Threadripper 2990WX 32-Core Processor,32,Completed,ds669,821,1
3096464,Risk,2022-07-19 23:38:27,2022-07-19 23:41:37,3,176,4,0,4F424F4D-58D8-00D7-A3E7-00D8619C7526,44415251-58D8-00D7-A3E7-000000000000,584f4251-4000-0000-1000-000000000019,AMD Ryzen 7 2700X Eight-Core Processor,8,Failed,ds257,659,3
301696,3DRender,2021-04-23 10:37:07,2021-04-23 10:41:02,69,148,1,16,4F424F4D-58D8-01D7-3809-049226D9DACC,44415251-58D8-01D7-3809-000000000000,584f4251-4000-0000-1000-000000000004,AMD Ryzen Threadripper 2950X 16-Core Processor,16,Completed,ds1,681,7
847174,Risk,2021-07-10 06:59:24,2021-07-10 07:49:35,2932,59,1,0,4F424F4D-58D8-01D7-3AB5-00D861C8FAFF,44415251-58D8-01D7-3AB5-000000000000,584f4251-3000-0000-2000-000000000002,AMD Ryzen 7 2700 Eight-Core Processor,8,Preempted,ds4,142,0
3595636,Risk,2022-10-13 12:11:00,2022-10-13 12:20:04,133,317,61,0,4F424F4D-ADF0-084E-AC1B-00D861156AEC,44415251-ADF0-084E-AC1B-000000000000,584f4251-4000-0000-1001-000000000004,AMD Ryzen 7 2700X Eight-Core Processor,8,Preempted,ds2,438,1
2413282,Risk,2022-04-21 20:21:40,2022-04-21 20:24:47,0,0,179,1,4F424F4D-58D8-01D7-35BD-00D861155572,44415251-58D8-01D7-35BD-000000000000,584f4251-4000-0000-1001-000000000003,AMD Ryzen 7 2700X Eight-Core Processor,8,Failed,ds2,438,2
581948,3DRender,2021-05-30 18:55:28,2021-05-30 18:57:57,35,95,13,4,4F424F4D-58D8-01D7-37A3-00D8611555A0,44415251-58D8-01D7-37A3-000000000000,584f4251-4000-0000-1001-000000000003,AMD Ryzen 7 2700X Eight-Core Processor,8,Completed,ds13,789,6
1332466,3DRender,2021-10-17 11:37:04,2021-10-17 11:40:09,72,99,13,1,4F424F4D-58D8-00D7-A375-00D86153204D,44415251-58D8-00D7-A375-000000000000,584f4251-5000-0000-0000-000000000004,AMD Ryzen 7 1700X Eight-Core Processor,8,Failed,ds5,576,7
1104742,3DRender,2021-09-07 10:10:17,2021-09-07 10:27:29,960,70,1,0,4F424F4D-58D8-01D7-3AB2-00D861C8FEA0,44415251-58D8-01D7-3AB2-000000000000,584f4251-3000-0000-2000-000000000003,AMD Ryzen 7 2700 Eight-Core Processor,8,Preempted,ds1,681,3
3348968,3DRender,2022-08-31 08:26:03,2022-08-31 08:34:40,51,157,305,2,4F424F4D-58D8-00D7-A59A-00D8619C7578,44415251-58D8-00D7-A59A-000000000000,584f4251-4000-0000-1000-000000000019,AMD Ryzen 7 2700X Eight-Core Processor,8,Completed,ds425,424,4
656342,3DRender,2021-06-13 09:29:07,2021-06-13 09:34:01,182,95,14,2,4F424F4D-58D8-01D7-37A3-00D8611555AA,44415251-58D8-01D7-37A3-000000000000,584f4251-4000-0000-1001-000000000003,AMD Ryzen 7 2700X Eight-Core Processor,8,Completed,ds978,981,0
112826,Risk,2021-02-25 11:33:01,2021-02-26 06:22:06,67656,79,1,0,4F424F4D-58D8-00D7-B137-00D8611569FF,44415251-58D8-00D7-B137-000000000000,584f4251-4000-0000-1001-000000000005,AMD Ryzen 7 2700X Eight-Core Processor,8,Preempted,ds9,466,2
1571881,3DRender,2021-12-05 10:09:27,2021-12-05 10:31:39,1079,163,86,3,4F424F4D-58D8-00D7-AF51-049226DA3E2E,44415251-58D8-00D7-AF51-000000000000,584f4251-4000-0000-1000-000000000006,AMD Ryzen Threadripper 2990WX 32-Core Processor,32,Completed,ds1,681,4
27557,Risk,2021-02-02 13:19:30,2021-02-02 15:49:06,8765,186,22,0,4F424F4D-58D8-00D7-B158-00D861156B44,44415251-58D8-00D7-B158-000000000000,584f4251-4000-0000-1001-000000000005,AMD Ryzen 7 2700X Eight-Core Processor,8,Preempted,ds1,681,3
703230,3DRender,2021-06-21 08:38:19,2021-06-21 08:41:36,88,96,11,1,4F424F4D-58D8-01D7-3653-00D861156A79,44415251-58D8-01D7-3653-000000000000,584f4251-4000-0000-1001-000000000004,AMD Ryzen 7 2700X Eight-Core Processor,8,Completed,ds1,681,4
94179,3DRender,2021-02-18 17:19:36,2021-02-18 17:20:55,72,1,1,6,4F424F4D-58D8-01D7-3A6D-00D861156B50,44415251-58D8-01D7-3A6D-000000000000,584f4251-4000-0000-1001-000000000004,AMD Ryzen 7 2700X Eight-Core Processor,8,Completed,ds8,595,6
2564263,3DRender,2022-05-10 09:47:58,2022-05-10 09:48:18,16,1,1,2,4F424F4D-ADF0-084E-AC5B-00D8617B0CAE,44415251-ADF0-084E-AC5B-000000000000,584f4251-4000-0000-1000-000000000016,AMD Ryzen Threadripper 2990WX 32-Core Processor,32,Completed,ds1,681,6
568500,3DRender,2021-05-27 17:47:34,2021-05-27 17:52:58,134,1,1,190,4F424F4D-58D8-01D7-36C2-049226DA3D29,44415251-58D8-01D7-36C2-000000000000,584f4251-4000-0000-1000-000000000004,AMD Ryzen Threadripper 2950X 16-Core Processor,16,Completed,ds7,394,4
2661696,3DRender,2022-05-31 16:21:34,2022-05-31 16:23:17,3,97,1,2,4F424F4D-58D8-01D7-37A3-00D86115561E,44415251-58D8-01D7-37A3-000000000000,584f4251-4000-0000-1001-000000000003,AMD Ryzen 7 2700X Eight-Core Processor,8,Failed,ds19,843,2
3606236,Risk,2022-10-15 07:13:20,2022-10-15 17:21:17,36310,163,1,0,4F424F4D-ADF0-084E-AC1B-00D86115555A,44415251-ADF0-084E-AC1B-000000000000,584f4251-4000-0000-1001-000000000004,AMD Ryzen 7 2700X Eight-Core Processor,8,Preempted,ds168,656,5
1070554,Risk,2021-08-30 12:19:26,2021-08-30 12:21:28,0,115,1,0,4F424F4D-58D8-01D7-3AB8-00D8617B5E05,44415251-58D8-01D7-3AB8-000000000000,584f4251-3000-0000-2000-000000000006,AMD Ryzen 7 2700 Eight-Core Processor,8,Preempted,ds1,681,5
2719798,3DRender,2022-06-06 19:13:52,2022-06-06 19:20:28,276,107,12,1,4F424F4D-58D8-00D7-A59A-00D8619C7563,44415251-58D8-00D7-A59A-000000000000,584f4251-4000-0000-1000-000000000019,AMD Ryzen 7 2700X Eight-Core Processor,8,Completed,ds8,595,2
548038,3DRender,2021-05-24 15:39:27,2021-05-24 15:42:28,65,96,17,2,4F424F4D-58D8-01D7-37A3-00D86115561E,44415251-58D8-01D7-37A3-000000000000,584f4251-4000-0000-1001-000000000003,AMD Ryzen 7 2700X Eight-Core Processor,8,Completed,ds665,831,3
2538621,Risk,2022-05-07 06:50:41,2022-05-07 06:53:42,0,0,179,1,4F424F4D-58D8-01D7-35BD-00D861156968,44415251-58D8-01D7-35BD-000000000000,584f4251-4000-0000-1001-000000000003,AMD Ryzen 7 2700X Eight-Core Processor,8,Failed,ds11,956,5
981086,3DRender,2021-08-09 15:42:51,2021-08-09 15:47:31,276,1,1,3,4F424F4D-58D8-00D7-B137-00D861156AAA,44415251-58D8-00D7-B137-000000000000,584f4251-4000-0000-1001-000000000005,AMD Ryzen 7 2700X Eight-Core Processor,8,Completed,ds3,497,7
715925,3DRender,2021-06-23 19:26:11,2021-06-23 19:28:10,116,1,1,2,4F424F4D-58D8-01D7-3AB5-00D861C8FC14,44415251-58D8-01D7-3AB5-000000000000,584f4251-3000-0000-2000-000000000002,AMD Ryzen 7 2700 Eight-Core Processor,8,Completed,ds2,438,3
1511604,Risk,2021-11-17 13:45:01,2021-11-18 07:21:48,63195,200,1,1,4F424F4D-58D8-01D7-3848-00D861155724,44415251-58D8-01D7-3848-000000000000,584f4251-4000-0000-1001-000000000005,AMD Ryzen 7 2700X Eight-Core Processor,8,Preempted,ds89,921,4
1267576,3DRender,2021-10-06 19:48:17,2021-10-06 20:01:11,623,146,1,3,4F424F4D-58D8-00D7-B158-00D861155532,44415251-58D8-00D7-B158-000000000000,584f4251-4000-0000-1001-000000000005,AMD Ryzen 7 2700X Eight-Core Processor,8,Completed,ds1,681,0
3419737,3DRender,2022-09-12 10:46:26,2022-09-12 10:50:09,62,158,1,2,4F424F4D-58D8-01D7-38BD-00D8615783D5,44415251-58D8-01D7-38BD-000000000000,584f4251-4000-0000-1000-000000000006,AMD Ryzen Threadripper 2990WX 32-Core Processor,32,Completed,ds793,364,0
27018,Risk,2021-02-02 06:00:25,2021-02-02 13:15:15,25927,155,1,0,4F424F4D-ADF0-084E-AC68-00D8611557F2,44415251-ADF0-084E-AC68-000000000000,584f4251-4000-0000-1001-000000000004,AMD Ryzen 7 2700X Eight-Core Processor,8,Preempted,ds364,510,2
244414,Risk,2021-04-09 09:56:32,2021-04-13 12:55:41,356234,78,28,0,4F424F4D-58D8-01D7-3A6D-00D861155577,44415251-58D8-01D7-3A6D-000000000000,584f4251-4000-0000-1001-000000000004,AMD Ryzen 7 2700X Eight-Core Processor,8,Preempted,ds3,497,2
182964,Risk,2021-03-23 10:27:18,2021-03-23 10:30:07,9,135,12,0,4F424F4D-58D8-00D7-B137-00D8611569FF,44415251-58D8-00D7-B137-000000000000,584f4251-4000-0000-1001-000000000005,AMD Ryzen 7 2700X Eight-Core Processor,8,Preempted,ds2,438,7
1150977,3DRender,2021-09-21 11:47:25,2021-09-21 11:52:19,197,95,1,1,4F424F4D-58D8-00D7-B137-00D861156A90,44415251-58D8-00D7-B137-000000000000,584f4251-4000-0000-1001-000000000005,AMD Ryzen 7 2700X Eight-Core Processor,8,Completed,ds3,497,6
3479492,3DRender,2022-09-27 19:10:29,2022-09-27 19:14:32,75,165,1,2,4F424F4D-58D8-01D7-3A91-00D8617B0EAC,44415251-58D8-01D7-3A91-000000000000,584f4251-4000-0000-1000-000000000006,AMD Ryzen Threadripper 2990WX 32-Core Processor,32,Failed,ds2,438,4
906674,3DRender,2021-07-18 18:35:07,2021-07-18 18:37:00,13,93,3,1,4F424F4D-58D8-01D7-37A3-00D8611555AA,44415251-58D8-01D7-37A3-000000000000,584f4251-4000-0000-1001-000000000003,AMD Ryzen 7 2700X Eight-Core Processor,8,Completed,ds119,220,0
3552453,3DRender,2022-10-04 16:38:53,2022-10-04 16:39:11,16,1,1,1,4F424F4D-58D8-01D7-3A91-00D8617B0E59,44415251-58D8-01D7-3A91-000000000000,584f4251-4000-0000-1000-000000000006,AMD Ryzen Threadripper 2990WX 32-Core Processor,32,Completed,ds1,681,5
3579699,3DRender,2022-10-11 18:40:56,2022-10-11 19:18:11,422,209,1593,2,4F424F4D-58D8-00D7-AF51-049226DA3E2E,44415251-58D8-00D7-AF51-000000000000,584f4251-4000-0000-1000-000000000006,AMD Ryzen Threadripper 2990WX 32-Core Processor,32,Completed,ds6,846,3
900490,3DRender,2021-07-17 18:26:20,2021-07-17 18:54:34,1585,98,9,2,4F424F4D-58D8-01D7-37A3-00D8611555A7,44415251-58D8-01D7-37A3-000000000000,584f4251-4000-0000-1001-000000000003,AMD Ryzen 7 2700X Eight-Core Processor,8,Completed,ds928,242,1
478475,Risk,2021-05-11 12:44:09,2021-05-14 03:35:42,226013,262,1,0,4F424F4D-58D8-01D7-3A37-00D861C8FAEF,44415251-58D8-01D7-3A37-000000000000,584f4251-3000-0000-2000-000000000002,AMD Ryzen 7 2700 Eight-Core Processor,8,Preempted,ds130,649,3
3455368,3DRender,2022-09-23 04:48:27,2022-09-23 04:57:16,525,1,1,3,4F424F4D-58D8-01D7-35BD-00D861156B26,44415251-58D8-01D7-35BD-000000000000,584f4251-4000-0000-1001-000000000003,AMD Ryzen 7 2700X Eight-Core Processor,8,Completed,ds3,497,4
2775542,Risk,2022-06-13 10:26:13,2022-06-13 10:28:47,0,143,7,1,4F424F4D-58D8-01D7-3653-00D861155668,44415251-58D8-01D7-3653-000000000000,584f4251-4000-0000-1001-000000000004,AMD Ryzen 7 2700X Eight-Core Processor,8,Preempted,ds10,801,6
2517430,3DRender,2022-05-05 14:24:23,2022-05-05 14:30:20,212,1,1,141,4F424F4D-58D8-01D7-3A91-00D8617B0E02,44415251-58D8-01D7-3A91-000000000000,584f4251-4000-0000-1000-000000000006,AMD Ryzen Threadripper 2990WX 32-Core Processor,32,Completed,ds559,418,2
2312848,Risk,2022-04-07 05:04:13,2022-04-08 11:27:26,109168,214,3,0,4F424F4D-58D8-00D7-A606-00D8619C739E,44415251-58D8-00D7-A606-000000000000,584f4251-4000-0000-1000-000000000015,AMD Ryzen 7 2700X Eight-Core Processor,8,Cancelled,ds9,466,0
505697,3DRender,2021-05-15 05:53:30,2021-05-15 05:55:40,0,121,1,0,4F424F4D-58D8-01D7-3809-049226D9D914,44415251-58D8-01D7-3809-000000000000,584f4251-4000-0000-1000-000000000004,AMD Ryzen Threadripper 2950X 16-Core Processor,16,Preempted,ds1,681,3
339923,3DRender,2021-04-28 06:23:21,2021-04-28 07:59:03,29,108,1,5603,4F424F4D-58D8-01D7-36C2-049226D9D9A7,44415251-58D8-01D7-36C2-000000000000,584f4251-4000-0000-1000-000000000004,AMD Ryzen Threadripper 2950X 16-Core Processor,16,Completed,ds9,466,5
356857,3DRender,2021-04-30 05:36:29,2021-04-30 05:49:06,624,128,1,3,4F424F4D-58D8-01D7-36C2-049226DA6540,44415251-58D8-01D7-36C2-000000000000,584f4251-4000-0000-1000-000000000004,AMD Ryzen Threadripper 2950X 16-Core Processor,16,Completed,ds45,676,5
3442936,3DRender,2022-09-20 14:30:42,2022-09-20 14:35:52,2,275,1,0,4F424F4D-ADF0-084E-ABEE-00D8619C75C7,44415251-ADF0-084E-ABEE-000000000000,584f4251-4000-0000-1000-000000000012,AMD Ryzen 7 2700X Eight-Core Processor,8,Failed,ds1,681,0
2926307,Risk,2022-06-27 20:55:39,2022-06-27 21:05:00,446,100,6,1,4F424F4D-58D8-01D7-35BD-00D86115574E,44415251-58D8-01D7-35BD-000000000000,584f4251-4000-0000-1001-000000000003,AMD Ryzen 7 2700X Eight-Core Processor,8,Preempted,ds1,681,3
3605317,Risk,2022-10-13 12:06:21,2022-10-15 09:16:01,162434,138,7,0,4F424F4D-58D8-01D7-384B-00D8619C74D1,44415251-58D8-01D7-384B-000000000000,584f4251-4000-0000-1001-000000000001,AMD Ryzen 7 2700X Eight-Core Processor,8,Preempted,ds43,646,0
1006388,Risk,2021-08-16 18:12:33,2021-08-18 06:39:36,131084,71,48,0,4F424F4D-58D8-01D7-3AF1-00D861C8FBAB,44415251-58D8-01D7-3AF1-000000000000,584f4251-3000-0000-2000-000000000002,AMD Ryzen 7 2700 Eight-Core Processor,8,Preempted,ds444,415,3
704769,3DRender,2021-06-21 13:01:02,2021-06-21 13:05:30,128,63,71,2,4F424F4D-58D8-01D7-3AF1-00D861C8FBF2,44415251-58D8-01D7-3AF1-000000000000,584f4251-3000-0000-2000-000000000002,AMD Ryzen 7 2700 Eight-Core Processor,8,Completed,ds1,681,7
32606,3DRender,2021-02-04 02:26:15,2021-02-04 02:27:17,2,58,1,1,4F424F4D-58D8-01D7-3A04-00D861C8FB44,44415251-58D8-01D7-3A04-000000000000,584f4251-3000-0000-2000-000000000003,AMD Ryzen 7 2700 Eight-Core Processor,8,Failed,ds1,681,0
970965,Risk,2021-08-05 02:17:59,2021-08-05 02:20:55,62,100,1,0,4F424F4D-58D8-01D7-3653-00D861156A22,44415251-58D8-01D7-3653-000000000000,584f4251-4000-0000-1001-000000000004,AMD Ryzen 7 2700X Eight-Core Processor,8,Preempted,ds25,717,2
1210387,Risk,2021-09-28 16:28:35,2021-09-28 16:57:49,1658,66,9,0,4F424F4D-58D8-01D7-36E9-00D8617B5DAF,44415251-58D8-01D7-36E9-000000000000,584f4251-3000-0000-2000-000000000006,AMD Ryzen 7 2700 Eight-Core Processor,8,Preempted,ds959,418,3
672861,3DRender,2021-06-15 14:00:26,2021-06-15 14:03:16,92,63,8,4,4F424F4D-58D8-01D7-3AEE-00D8617B61A6,44415251-58D8-01D7-3AEE-000000000000,584f4251-2001-0000-0000-000000000001,AMD Ryzen 7 2700 Eight-Core Processor,8,Completed,ds319,898,2
3558915,3DRender,2022-10-06 14:40:05,2022-10-06 14:45:05,20,156,122,1,4F424F4D-58D8-01D7-37A3-00D8611555D2,44415251-58D8-01D7-37A3-000000000000,584f4251-4000-0000-1001-000000000003,AMD Ryzen 7 2700X Eight-Core Processor,8,Completed,ds2,438,1
359163,Risk,2021-04-30 10:18:46,2021-04-30 10:21:50,0,0,180,1,4F424F4D-58D8-01D7-3842-00D8619C76DB,44415251-58D8-01D7-3842-000000000000,584f4251-4000-0000-1001-000000000005,AMD Ryzen 7 2700X Eight-Core Processor,8,Failed,ds89,921,2
2387954,Risk,2022-04-17 06:44:21,2022-04-17 06:47:26,0,0,179,1,4F424F4D-58D8-01D7-35BD-00D861156B3B,44415251-58D8-01D7-35BD-000000000000,584f4251-4000-0000-1001-000000000003,AMD Ryzen 7 2700X Eight-Core Processor,8,Failed,ds721,762,0
3574067,3DRender,2022-10-10 14:27:20,2022-10-10 14:31:28,78,161,6,2,4F424F4D-58D8-01D7-3A6D-00D86115557C,44415251-58D8-01D7-3A6D-000000000000,584f4251-4000-0000-1001-000000000004,AMD Ryzen 7 2700X Eight-Core Processor,8,Completed,ds1,681,1
3062117,3DRender,2022-07-17 08:40:09,2022-07-17 08:40:32,22,1,1,1,4F424F4D-58D8-01D7-365F-00D8617B0C4A,44415251-58D8-01D7-365F-000000000000,584f4251-4000-0000-1001-000000000006,AMD Ryzen Threadripper 2950X 16-Core Processor,16,Completed,ds3,497,5
1392556,3DRender,2021-10-25 14:32:24,2021-10-25 14:35:17,56,71,43,1,4F424F4D-58D8-01D7-384B-00D8619C754E,44415251-58D8-01D7-384B-000000000000,584f4251-4000-0000-1001-000000000001,AMD Ryzen 7 2700X Eight-Core Processor,8,Completed,ds1,681,7
1170332,3DRender,2021-09-22 12:53:11,2021-09-22 12:55:14,120,1,1,2,4F424F4D-58D8-01D7-3AB5-00D861C8FB52,44415251-58D8-01D7-3AB5-000000000000,584f4251-3000-0000-2000-000000000002,AMD Ryzen 7 2700 Eight-Core Processor,8,Completed,ds1,681,4
231788,3DRender,2021-04-09 01:56:03,2021-04-09 01:57:13,5,59,4,1,4F424F4D-58D8-01D7-3A37-00D861C8FAB8,44415251-58D8-01D7-3A37-000000000000,584f4251-3000-0000-2000-000000000002,AMD Ryzen 7 2700 Eight-Core Processor,8,Completed,ds9,466,3
1320417,3DRender,2021-10-16 12:54:04,2021-10-16 12:59:47,286,55,1,1,4F424F4D-58D8-00D7-B224-00D861C8FB1D,44415251-58D8-00D7-B224-000000000000,584f4251-2000-0000-0001-000000000001,AMD Ryzen 7 2700X Eight-Core Processor,8,Completed,ds7,394,3
498745,3DRender,2021-05-14 23:31:34,2021-05-14 23:34:34,176,1,1,3,4F424F4D-58D8-01D7-37A3-00D8611555AE,44415251-58D8-01D7-37A3-000000000000,584f4251-4000-0000-1001-000000000003,AMD Ryzen 7 2700X Eight-Core Processor,8,Completed,ds380,370,5
1078257,Risk,2021-08-31 00:37:34,2021-08-31 00:40:41,0,0,184,1,4F424F4D-58D8-01D7-3A37-00D861C8FC7D,44415251-58D8-01D7-3A37-000000000000,584f4251-3000-0000-2000-000000000002,AMD Ryzen 7 2700 Eight-Core Processor,8,Failed,ds4,142,6
1388227,3DRender,2021-10-24 17:25:07,2021-10-24 17:28:38,89,106,8,0,4F424F4D-58D8-00D7-B137-00D861156A01,44415251-58D8-00D7-B137-000000000000,584f4251-4000-0000-1001-000000000005,AMD Ryzen 7 2700X Eight-Core Processor,8,Preempted,ds12,490,2
488568,3DRender,2021-05-14 16:30:27,2021-05-14 16:34:02,209,1,1,5,4F424F4D-58D8-01D7-3B00-00D861C8FB41,44415251-58D8-01D7-3B00-000000000000,584f4251-2001-0000-0000-000000000001,AMD Ryzen 7 2700 Eight-Core Processor,8,Completed,ds5,576,5
714582,3DRender,2021-06-23 18:33:22,2021-06-23 18:36:03,156,1,1,4,4F424F4D-58D8-01D7-3AEE-00D8617B5E59,44415251-58D8-01D7-3AEE-000000000000,584f4251-2001-0000-0000-000000000001,AMD Ryzen 7 2700 Eight-Core Processor,8,Completed,ds2,438,7
3292042,3DRender,2022-08-22 10:55:58,2022-08-22 11:34:06,1864,378,40,3,4F424F4D-ADF0-084E-AC5B-00D8617B0C80,44415251-ADF0-084E-AC5B-000000000000,584f4251-4000-0000-1000-000000000016,AMD Ryzen Threadripper 2990WX 32-Core Processor,32,Completed,ds845,222,7
2615513,Risk,2022-05-23 11:17:44,2022-05-23 11:20:50,0,0,180,1,4F424F4D-58D8-00D7-B131-00D8619C7856,44415251-58D8-00D7-B131-000000000000,584f4251-4000-0000-1000-000000000012,AMD Ryzen 7 2700X Eight-Core Processor,8,Failed,ds17,140,5
2927145,Risk,2022-06-28 00:50:44,2022-06-28 00:53:41,0,173,1,1,4F424F4D-58D8-01D7-35BD-00D861156966,44415251-58D8-01D7-35BD-000000000000,584f4251-4000-0000-1001-000000000003,AMD Ryzen 7 2700X Eight-Core Processor,8,Cancelled,ds742,468,1
3648065,3DRender,2022-10-19 15:31:06,2022-10-19 15:47:43,784,210,1,2,4F424F4D-ADF0-084E-AC6B-049226DA3E22,44415251-ADF0-084E-AC6B-000000000000,584f4251-4000-0000-1000-000000000006,AMD Ryzen Threadripper 2990WX 32-Core Processor,32,Completed,ds30,323,3
700953,3DRender,2021-06-20 09:19:26,2021-06-20 09:22:29,95,73,12,1,4F424F4D-58D8-01D7-3AEE-00D8617B5E59,44415251-58D8-01D7-3AEE-000000000000,584f4251-2001-0000-0000-000000000001,AMD Ryzen 7 2700 Eight-Core Processor,8,Completed,ds260,662,4
234109,3DRender,2021-04-12 01:45:48,2021-04-12 01:46:58,7,56,3,2,4F424F4D-58D8-00D7-B185-00D861C8FD7E,44415251-58D8-00D7-B185-000000000000,584f4251-2000-0000-0001-000000000002,AMD Ryzen 7 2700X Eight-Core Processor,8,Completed,ds6,846,1
3512784,3DRender,2022-09-30 12:39:51,2022-09-30 12:42:21,10,1,1,138,4F424F4D-58D8-01D7-3A37-00D861C8FAEF,44415251-58D8-01D7-3A37-000000000000,584f4251-3000-0000-2000-000000000002,AMD Ryzen 7 2700 Eight-Core Processor,8,Completed,ds3,497,0
1338581,3DRender,2021-10-17 19:38:28,2021-10-17 19:41:12,161,1,1,1,4F424F4D-58D8-00D7-A5E8-00D8619C77AB,44415251-58D8-00D7-A5E8-000000000000,584f4251-4000-0000-1000-000000000019,AMD Ryzen 7 2700X Eight-Core Processor,8,Completed,ds496,943,3
2788763,Risk,2022-06-14 10:14:42,2022-06-14 10:35:00,900,121,1,1,4F424F4D-58D8-01D7-3653-00D861156AE0,44415251-58D8-01D7-3653-000000000000,584f4251-4000-0000-1001-000000000004,AMD Ryzen 7 2700X Eight-Core Processor,8,Preempted,ds2,438,0
1126147,3DRender,2021-09-13 16:34:23,2021-09-13 16:38:09,124,93,7,1,4F424F4D-ADF0-084E-AC2E-00D8619C73CD,44415251-ADF0-084E-AC2E-000000000000,584f4251-4000-0000-1000-000000000017,AMD Ryzen 7 2700X Eight-Core Processor,8,Failed,ds49,104,2
305537,3DRender,2021-04-23 19:40:57,2021-04-23 19:49:58,532,1,1,8,4F424F4D-58D8-01D7-3809-049226D9DACC,44415251-58D8-01D7-3809-000000000000,584f4251-4000-0000-1000-000000000004,AMD Ryzen Threadripper 2950X 16-Core Processor,16,Completed,ds6,846,0
2072853,Risk,2022-03-01 12:30:55,2022-03-01 15:46:54,11576,171,1,1,4F424F4D-58D8-01D7-384B-00D8619C7551,44415251-58D8-01D7-384B-000000000000,584f4251-4000-0000-1001-000000000001,AMD Ryzen 7 2700X Eight-Core Processor,8,Preempted,ds2,438,0
891257,3DRender,2021-07-16 06:50:18,2021-07-16 06:51:58,3,95,1,1,4F424F4D-ADF0-084E-ABC6-00D8619C734F,44415251-ADF0-084E-ABC6-000000000000,584f4251-4000-0000-1000-000000000012,AMD Ryzen 7 2700X Eight-Core Processor,8,Failed,ds2,438,1
455024,Risk,2021-05-06 10:25:55,2021-05-11 11:28:58,435647,102,19,0,4F424F4D-58D8-00D7-B158-00D861155579,44415251-58D8-00D7-B158-000000000000,584f4251-4000-0000-1001-000000000005,AMD Ryzen 7 2700X Eight-Core Processor,8,Preempted,ds830,248,5
1211538,3DRender,2021-09-28 19:07:46,2021-09-28 19:22:01,756,98,1,1,4F424F4D-58D8-01D7-3842-00D8619C7471,44415251-58D8-01D7-3842-000000000000,584f4251-4000-0000-1001-000000000005,AMD Ryzen 7 2700X Eight-Core Processor,8,Completed,ds15,418,0
1201195,3DRender,2021-09-27 14:18:41,2021-09-27 14:22:11,108,97,4,1,4F424F4D-58D8-01D7-3863-00D861155715,44415251-58D8-01D7-3863-000000000000,584f4251-4000-0000-1001-000000000003,AMD Ryzen 7 2700X Eight-Core Processor,8,Completed,ds557,306,2
763733,Risk,2021-07-03 12:51:27,2021-07-03 12:53:09,27,64,1,0,4F424F4D-58D8-01D7-3AB5-00D861C8FAC7,44415251-58D8-01D7-3AB5-000000000000,584f4251-3000-0000-2000-000000000002,AMD Ryzen 7 2700 Eight-Core Processor,8,Preempted,ds1,681,2
2393936,3DRender,2022-04-18 14:11:42,2022-04-18 14:18:31,246,158,1,0,4F424F4D-58D8-00D7-AF51-049226DA6493,44415251-58D8-00D7-AF51-000000000000,584f4251-4000-0000-1000-000000000006,AMD Ryzen Threadripper 2990WX 32-Core Processor,32,Preempted,ds206,327,6
1358569,3DRender,2021-10-21 01:27:01,2021-10-21 02:19:02,1262,166,1688,2,4F424F4D-58D8-00D7-AF51-049226DA6558,44415251-58D8-00D7-AF51-000000000000,584f4251-4000-0000-1000-000000000006,AMD Ryzen Threadripper 2990WX 32-Core Processor,32,Completed,ds426,533,4
3433814,3DRender,2022-09-17 01:32:52,2022-09-17 01:37:41,150,135,1,3,4F424F4D-58D8-00D7-A48C-2CF05D7ECA5E,44415251-58D8-00D7-A48C-000000000000,584f4251-3000-0000-2000-000000000001,AMD Ryzen 7 3700X 8-Core Processor,8,Completed,ds161,194,2
1607933,Risk,2021-12-15 08:05:11,2021-12-15 08:16:01,545,99,1,1,4F424F4D-58D8-01D7-35BD-00D861156B41,44415251-58D8-01D7-35BD-000000000000,584f4251-4000-0000-1001-000000000003,AMD Ryzen 7 2700X Eight-Core Processor,8,Cancelled,ds1,681,6
1531297,3DRender,2021-11-23 15:35:30,2021-11-23 15:36:20,46,1,1,3,4F424F4D-ADF0-084E-AC2E-00D8619C73D6,44415251-ADF0-084E-AC2E-000000000000,584f4251-4000-0000-1000-000000000017,AMD Ryzen 7 2700X Eight-Core Processor,8,Completed,ds525,512,1
1568921,3DRender,2021-12-03 19:25:39,2021-12-03 19:30:05,262,1,1,2,4F424F4D-58D8-01D7-3A91-00D8615781E5,44415251-58D8-01D7-3A91-000000000000,584f4251-4000-0000-1000-000000000006,AMD Ryzen Threadripper 2990WX 32-Core Processor,32,Completed,ds10,801,4
558647,Risk,2021-05-24 13:41:06,2021-05-26 11:53:31,166124,199,6,0,4F424F4D-58D8-01D7-3A6D-00D861155759,44415251-58D8-01D7-3A6D-000000000000,584f4251-4000-0000-1001-000000000004,AMD Ryzen 7 2700X Eight-Core Processor,8,Preempted,ds312,264,4
986273,Risk,2021-08-10 16:54:05,2021-08-11 06:37:45,49325,76,1,0,4F424F4D-58D8-01D7-384B-00D8619C7878,44415251-58D8-01D7-384B-000000000000,584f4251-4000-0000-1001-000000000001,AMD Ryzen 7 2700X Eight-Core Processor,8,Preempted,ds5,576,7
3133351,3DRender,2022-07-22 13:28:27,2022-07-22 13:49:49,151,216,913,1,4F424F4D-58D8-00D7-AF51-049226DA6478,44415251-58D8-00D7-AF51-000000000000,584f4251-4000-0000-1000-000000000006,AMD Ryzen Threadripper 2990WX 32-Core Processor,32,Completed,ds808,979,5
2903594,Risk,2022-06-24 23:52:14,2022-06-24 23:58:36,56,106,26,2,4F424F4D-58D8-01D7-35BD-00D86115574E,44415251-58D8-01D7-35BD-000000000000,584f4251-4000-0000-1001-000000000003,AMD Ryzen 7 2700X Eight-Core Processor,8,Preempted,ds1,681,0
204606,3DRender,2021-03-29 00:41:38,2021-03-29 01:02:27,1183,55,5,0,4F424F4D-58D8-00D7-B2F0-00D861C8FBD1,44415251-58D8-00D7-B2F0-000000000000,584f4251-2000-0000-0001-000000000003,AMD Ryzen 7 2700X Eight-Core Processor,8,Preempted,ds1,681,1
1026582,3DRender,2021-08-24 22:05:50,2021-08-24 22:11:06,178,132,4,1,4F424F4D-58D8-00D7-B077-049226DA64AE,44415251-58D8-00D7-B077-000000000000,584f4251-4000-0000-1000-000000000016,AMD Ryzen Threadripper 2990WX 32-Core Processor,32,Completed,ds850,978,4
761838,3DRender,2021-07-02 14:09:19,2021-07-02 14:10:21,1,59,1,1,4F424F4D-58D8-01D7-3AF1-00D861C8FB7D,44415251-58D8-01D7-3AF1-000000000000,584f4251-3000-0000-2000-000000000002,AMD Ryzen 7 2700 Eight-Core Processor,8,Failed,ds6,846,4
2776441,Risk,2022-06-13 10:47:30,2022-06-13 10:52:07,144,129,1,1,4F424F4D-58D8-01D7-3653-00D861155677,44415251-58D8-01D7-3653-000000000000,584f4251-4000-0000-1001-000000000004,AMD Ryzen 7 2700X Eight-Core Processor,8,Preempted,ds1,681,0
2396372,Risk,2022-04-19 10:55:54,2022-04-19 11:03:29,0,443,3,1,4F424F4D-58D8-01D7-3842-00D8619C78BA,44415251-58D8-01D7-3842-000000000000,584f4251-4000-0000-1001-000000000005,AMD Ryzen 7 2700X Eight-Core Processor,8,Preempted,ds148,998,6
648657,3DRender,2021-06-10 20:40:12,2021-06-10 20:44:20,140,94,10,2,4F424F4D-58D8-01D7-37A3-00D861155968,44415251-58D8-01D7-37A3-000000000000,584f4251-4000-0000-1001-000000000003,AMD Ryzen 7 2700X Eight-Core Processor,8,Completed,ds2,438,6
757821,3DRender,2021-07-02 10:29:49,2021-07-02 10:31:41,46,62,1,2,4F424F4D-58D8-01D7-3AF1-00D861C8FB34,44415251-58D8-01D7-3AF1-000000000000,584f4251-3000-0000-2000-000000000002,AMD Ryzen 7 2700 Eight-Core Processor,8,Completed,ds73,425,7
3605357,Risk,2022-10-15 09:17:42,2022-10-15 09:19:51,0,122,1,0,4F424F4D-58D8-01D7-376A-00D8619C7334,44415251-58D8-01D7-376A-000000000000,584f4251-4000-0000-1001-000000000001,AMD Ryzen 7 2700X Eight-Core Processor,8,Preempted,ds1,681,6
726493,3DRender,2021-06-25 18:39:12,2021-06-25 18:41:52,156,1,1,3,4F424F4D-58D8-01D7-3AF1-00D861C8FB38,44415251-58D8-01D7-3AF1-000000000000,584f4251-3000-0000-2000-000000000002,AMD Ryzen 7 2700 Eight-Core Processor,8,Completed,ds3,497,3
2600244,Risk,2022-05-18 11:45:17,2022-05-18 12:18:11,1838,101,29,1,4F424F4D-58D8-00D7-A3A5-00D8619C736F,44415251-58D8-00D7-A3A5-000000000000,584f4251-4000-0000-1000-000000000015,AMD Ryzen 7 2700X Eight-Core Processor,8,Cancelled,ds79,839,0
3229815,3DRender,2022-08-09 15:45:44,2022-08-09 15:54:08,272,156,70,0,4F424F4D-58D8-00D7-A59A-00D8619C746B,44415251-58D8-00D7-A59A-000000000000,584f4251-4000-0000-1000-000000000019,AMD Ryzen 7 2700X Eight-Core Processor,8,Preempted,ds4,142,6
1208168,Risk,2021-09-23 11:10:31,2021-09-28 10:35:45,429355,525,11,0,4F424F4D-58D8-01D7-3848-00D861155575,44415251-58D8-01D7-3848-000000000000,584f4251-4000-0000-1001-000000000005,AMD Ryzen 7 2700X Eight-Core Processor,8,Preempted,ds37,456,0
2807779,3DRender,2022-06-15 15:07:21,2022-06-15 15:15:47,253,111,139,2,4F424F4D-58D8-01D7-3653-00D861156957,44415251-58D8-01D7-3653-000000000000,584f4251-4000-0000-1001-000000000004,AMD Ryzen 7 2700X Eight-Core Processor,8,Completed,ds1,681,1
1366360,3DRender,2021-10-21 21:10:08,2021-10-21 21:24:27,765,93,1,1,4F424F4D-58D8-01D7-35BD-00D861156C37,44415251-58D8-01D7-35BD-000000000000,584f4251-4000-0000-1001-000000000003,AMD Ryzen 7 2700X Eight-Core Processor,8,Completed,ds1,681,7
647803,3DRender,2021-06-10 18:11:10,2021-06-10 18:12:04,0,54,1,0,4F424F4D-58D8-01D7-37A3-00D861155968,44415251-58D8-01D7-37A3-000000000000,584f4251-4000-0000-1001-000000000003,AMD Ryzen 7 2700X Eight-Core Processor,8,Preempted,ds23,678,6
2941553,3DRender,2022-06-28 23:54:59,2022-06-28 23:57:15,134,1,1,1,4F424F4D-58D8-01D7-3695-00D8617B0BC0,44415251-58D8-01D7-3695-000000000000,584f4251-4000-0000-1001-000000000006,AMD Ryzen Threadripper 2950X 16-Core Processor,16,Completed,ds347,219,0
2641789,3DRender,2022-05-28 00:12:22,2022-05-28 00:14:17,4,99,9,2,4F424F4D-58D8-01D7-37A3-00D861155968,44415251-58D8-01D7-37A3-000000000000,584f4251-4000-0000-1001-000000000003,AMD Ryzen 7 2700X Eight-Core Processor,8,Completed,ds35,140,6
2398631,3DRender,2022-04-19 17:58:05,2022-04-19 17:59:58,3,107,1,2,4F424F4D-58D8-00D7-B137-00D861156AC1,44415251-58D8-00D7-B137-000000000000,584f4251-4000-0000-1001-000000000005,AMD Ryzen 7 2700X Eight-Core Processor,8,Failed,ds5,576,6
2941526,3DRender,2022-06-28 23:52:47,2022-06-28 23:56:31,221,1,1,2,4F424F4D-58D8-01D7-3A6D-00D861155597,44415251-58D8-01D7-3A6D-000000000000,584f4251-4000-0000-1001-000000000004,AMD Ryzen 7 2700X Eight-Core Processor,8,Completed,ds3,497,6
2140193,3DRender,2022-03-08 19:25:00,2022-03-08 20:35:55,4251,1,1,3,4F424F4D-58D8-01D7-3695-00D86157849C,44415251-58D8-01D7-3695-000000000000,584f4251-4000-0000-1001-000000000006,AMD Ryzen Threadripper 2950X 16-Core Processor,16,Completed,ds42,759,4
1933222,3DRender,2022-02-09 15:55:04,2022-02-09 15:55:26,0,15,1,0,4F424F4D-58D8-01D7-3653-00D861156AA7,44415251-58D8-01D7-3653-000000000000,584f4251-4000-0000-1001-000000000004,AMD Ryzen 7 2700X Eight-Core Processor,8,Cancelled,ds3,497,2
478041,3DRender,2021-05-14 03:15:06,2021-05-14 03:18:08,179,1,1,1,4F424F4D-58D8-01D7-37A3-00D8611555D2,44415251-58D8-01D7-37A3-000000000000,584f4251-4000-0000-1001-000000000003,AMD Ryzen 7 2700X Eight-Core Processor,8,Completed,ds823,957,5
1746312,Risk,2022-01-19 03:10:10,2022-01-19 03:11:48,0,92,1,1,4F424F4D-58D8-01D7-3B03-00D861C8FA9F,44415251-58D8-01D7-3B03-000000000000,584f4251-3000-0000-2000-000000000002,AMD Ryzen 7 2700 Eight-Core Processor,8,Preempted,ds94,342,7
852420,3DRender,2021-07-11 13:13:45,2021-07-11 13:17:33,111,104,10,2,4F424F4D-58D8-01D7-37A3-00D8611555BD,44415251-58D8-01D7-37A3-000000000000,584f4251-4000-0000-1001-000000000003,AMD Ryzen 7 2700X Eight-Core Processor,8,Completed,ds1,681,6
2788854,Risk,2022-06-14 11:11:35,2022-06-14 11:13:47,0,121,5,1,4F424F4D-58D8-00D7-B08F-00D8611556A5,44415251-58D8-00D7-B08F-000000000000,584f4251-4000-0000-1001-000000000001,AMD Ryzen 7 2700X Eight-Core Processor,8,Preempted,ds1,681,2
3553428,3DRender,2022-10-04 19:03:43,2022-10-04 19:05:03,77,1,1,1,4F424F4D-58D8-01D7-3A6D-00D861156981,44415251-58D8-01D7-3A6D-000000000000,584f4251-4000-0000-1001-000000000004,AMD Ryzen 7 2700X Eight-Core Processor,8,Completed,ds41,366,1
3029348,Risk,2022-07-11 13:35:03,2022-07-11 17:45:47,14692,124,222,0,4F424F4D-58D8-00D7-A3E7-00D8619C7543,44415251-58D8-00D7-A3E7-000000000000,584f4251-4000-0000-1000-000000000019,AMD Ryzen 7 2700X Eight-Core Processor,8,Preempted,ds614,381,3
3204967,3DRender,2022-08-03 09:38:18,2022-08-03 09:39:03,0,18,26,0,4F424F4D-58D8-01D7-38BD-00D8615783D5,44415251-58D8-01D7-38BD-000000000000,584f4251-4000-0000-1000-000000000006,AMD Ryzen Threadripper 2990WX 32-Core Processor,32,Cancelled,ds1,681,5
2777223,Risk,2022-06-13 11:33:04,2022-06-13 11:38:24,139,123,56,1,4F424F4D-58D8-00D7-B158-00D861156B31,44415251-58D8-00D7-B158-000000000000,584f4251-4000-0000-1001-000000000005,AMD Ryzen 7 2700X Eight-Core Processor,8,Preempted,ds1,681,1
304496,3DRender,2021-04-23 17:20:19,2021-04-23 17:20:38,0,12,1,0,4F424F4D-58D8-01D7-36C2-049226DA65C2,44415251-58D8-01D7-36C2-000000000000,584f4251-4000-0000-1000-000000000004,AMD Ryzen Threadripper 2950X 16-Core Processor,16,Preempted,ds2,438,4
1407255,Risk,2021-10-27 04:32:25,2021-10-27 04:38:40,109,75,1,2,4F424F4D-58D8-01D7-3863-00D861155590,44415251-58D8-01D7-3863-000000000000,584f4251-4000-0000-1001-000000000003,AMD Ryzen 7 2700X Eight-Core Processor,8,Preempted,ds70,921,2
1051792,Risk,2021-08-28 09:01:40,2021-08-28 09:04:43,0,0,180,1,4F424F4D-58D8-00D7-B158-00D86115559B,44415251-58D8-00D7-B158-000000000000,584f4251-4000-0000-1001-000000000005,AMD Ryzen 7 2700X Eight-Core Processor,8,Failed,ds15,418,6
363594,Risk,2021-04-30 14:34:36,2021-04-30 14:37:40,0,0,180,1,4F424F4D-58D8-01D7-37A3-00D8611555AC,44415251-58D8-01D7-37A3-000000000000,584f4251-4000-0000-1001-000000000003,AMD Ryzen 7 2700X Eight-Core Processor,8,Failed,ds4,142,1
2257182,3DRender,2022-03-23 20:52:46,2022-03-23 21:19:39,186,67,260,1098,4F424F4D-58D8-01D7-3B03-00D861C8FC38,44415251-58D8-01D7-3B03-000000000000,584f4251-3000-0000-2000-000000000002,AMD Ryzen 7 2700 Eight-Core Processor,8,Completed,ds5,576,0
3567157,3DRender,2022-10-07 16:31:39,2022-10-07 16:32:18,36,1,1,2,4F424F4D-58D8-01D7-3A91-00D8617B0B3F,44415251-58D8-01D7-3A91-000000000000,584f4251-4000-0000-1000-000000000006,AMD Ryzen Threadripper 2990WX 32-Core Processor,32,Completed,ds25,717,5
3606614,Risk,2022-10-15 20:10:09,2022-10-15 20:26:07,796,155,1,0,4F424F4D-ADF0-084E-AC68-00D861156ABF,44415251-ADF0-084E-AC68-000000000000,584f4251-4000-0000-1001-000000000004,AMD Ryzen 7 2700X Eight-Core Processor,8,Preempted,ds379,938,5
1227477,3DRender,2021-09-29 15:23:20,2021-09-29 15:24:55,93,1,1,1,4F424F4D-58D8-00D7-B137-00D861156A94,44415251-58D8-00D7-B137-000000000000,584f4251-4000-0000-1001-000000000005,AMD Ryzen 7 2700X Eight-Core Processor,8,Completed,ds512,508,5
573291,3DRender,2021-05-28 06:22:22,2021-05-28 06:24:32,0,121,1,0,4F424F4D-ADF0-084E-ABEE-00D8619C73AA,44415251-ADF0-084E-ABEE-000000000000,584f4251-4000-0000-1000-000000000012,AMD Ryzen 7 2700X Eight-Core Processor,8,Preempted,ds2,438,7
39882,Risk,2021-02-09 20:17:16,2021-02-10 00:01:30,13370,75,1,0,4F424F4D-58D8-01D7-3653-00D861155701,44415251-58D8-01D7-3653-000000000000,584f4251-4000-0000-1001-000000000004,AMD Ryzen 7 2700X Eight-Core Processor,8,Preempted,ds2,438,4
1108498,3DRender,2021-09-07 10:23:45,2021-09-08 22:18:50,129234,65,1,0,4F424F4D-58D8-01D7-37F4-00D8617B5E1A,44415251-58D8-01D7-37F4-000000000000,584f4251-2001-0000-0000-000000000002,AMD Ryzen 7 2700 Eight-Core Processor,8,Preempted,ds1,681,5
3625179,Q-worker,2022-10-17 14:54:18,2022-10-17 14:54:24,1,1,1,0,4F424F4D-58D8-00D7-A615-00D8619C741F,44415251-58D8-00D7-A615-000000000000,584f4251-4000-0000-1000-000000000015,AMD Ryzen 7 2700X Eight-Core Processor,8,Failed,ds133,643,1
420140,3DRender,2021-05-06 03:29:07,2021-05-06 03:30:14,12,53,1,3,4F424F4D-58D8-00D7-B128-00D861C1E9B0,44415251-58D8-00D7-B128-000000000000,584f4251-2000-0000-0001-000000000001,AMD Ryzen 7 2700X Eight-Core Processor,8,Completed,ds1,681,6
708467,3DRender,2021-06-22 08:41:16,2021-06-22 08:41:37,19,1,1,1,4F424F4D-58D8-01D7-3AF1-00D861C8FBF2,44415251-58D8-01D7-3AF1-000000000000,584f4251-3000-0000-2000-000000000002,AMD Ryzen 7 2700 Eight-Core Processor,8,Completed,ds1,681,5
376985,3DRender,2021-05-01 17:03:05,2021-05-01 17:05:53,0,151,13,0,4F424F4D-58D8-01D7-36C2-049226D9D983,44415251-58D8-01D7-36C2-000000000000,584f4251-4000-0000-1000-000000000004,AMD Ryzen Threadripper 2950X 16-Core Processor,16,Preempted,ds169,308,4
1664609,3DRender,2021-12-31 00:18:48,2021-12-31 00:25:03,318,54,1,2,4F424F4D-58D8-00D7-B272-00D861C8FC19,44415251-58D8-00D7-B272-000000000000,584f4251-2000-0000-0001-000000000003,AMD Ryzen 7 2700X Eight-Core Processor,8,Completed,ds1,681,1
1685832,Risk,2022-01-07 14:48:53,2022-01-07 14:51:02,0,91,29,1,4F424F4D-58D8-01D7-3AB2-00D861C8FB79,44415251-58D8-01D7-3AB2-000000000000,584f4251-3000-0000-2000-000000000003,AMD Ryzen 7 2700 Eight-Core Processor,8,Preempted,ds1,681,3
2906059,Risk,2022-06-25 13:52:11,2022-06-25 14:02:18,489,108,1,1,4F424F4D-58D8-01D7-35BD-00D861156ABE,44415251-58D8-01D7-35BD-000000000000,584f4251-4000-0000-1001-000000000003,AMD Ryzen 7 2700X Eight-Core Processor,8,Preempted,ds5,576,7
3104031,Risk,2022-07-20 06:29:27,2022-07-20 06:32:23,11,158,6,0,4F424F4D-ADF0-084E-AC09-00D8619C7575,44415251-ADF0-084E-AC09-000000000000,584f4251-4000-0000-1000-000000000012,AMD Ryzen 7 2700X Eight-Core Processor,8,Failed,ds2,438,4
3452234,3DRender,2022-09-22 21:00:41,2022-09-22 21:03:22,159,1,1,1,4F424F4D-58D8-01D7-3A91-00D8617B0C4D,44415251-58D8-01D7-3A91-000000000000,584f4251-4000-0000-1000-000000000006,AMD Ryzen Threadripper 2990WX 32-Core Processor,32,Completed,ds11,956,7
1052124,Risk,2021-08-28 09:13:31,2021-08-28 09:15:33,0,105,10,0,4F424F4D-ADF0-084E-AC68-00D861156ABF,44415251-ADF0-084E-AC68-000000000000,584f4251-4000-0000-1001-000000000004,AMD Ryzen 7 2700X Eight-Core Processor,8,Preempted,ds31,1009,1
2319366,3DRender,2022-04-10 02:01:06,2022-04-10 02:03:00,4,102,5,2,4F424F4D-ADF0-084E-ABEE-00D8619C76E3,44415251-ADF0-084E-ABEE-000000000000,584f4251-4000-0000-1000-000000000012,AMD Ryzen 7 2700X Eight-Core Processor,8,Completed,ds1,681,6
2038992,3DRender,2022-02-24 11:51:08,2022-02-24 11:53:34,141,1,1,3,4F424F4D-58D8-01D7-3A91-00D8615782BE,44415251-58D8-01D7-3A91-000000000000,584f4251-4000-0000-1000-000000000006,AMD Ryzen Threadripper 2990WX 32-Core Processor,32,Completed,ds568,131,7
96672,3DRender,2021-02-18 20:20:44,2021-02-18 20:23:18,67,82,1,4,4F424F4D-58D8-00D7-B137-00D861156A9F,44415251-58D8-00D7-B137-000000000000,584f4251-4000-0000-1001-000000000005,AMD Ryzen 7 2700X Eight-Core Processor,8,Completed,ds12,490,5
434463,3DRender,2021-05-07 02:40:48,2021-05-07 02:43:04,0,2,1,0,4F424F4D-58D8-01D7-36C2-049226DA3D29,44415251-58D8-01D7-36C2-000000000000,584f4251-4000-0000-1000-000000000004,AMD Ryzen Threadripper 2950X 16-Core Processor,16,Preempted,ds7,394,4
3206073,3DRender,2022-08-03 15:25:13,2022-08-03 16:01:36,1981,160,37,3,4F424F4D-ADF0-084E-ABEE-00D8619C73AA,44415251-ADF0-084E-ABEE-000000000000,584f4251-4000-0000-1000-000000000012,AMD Ryzen 7 2700X Eight-Core Processor,8,Completed,ds8,595,4
2028291,3DRender,2022-02-22 20:28:06,2022-02-22 20:42:40,660,161,39,1,4F424F4D-ADF0-084E-AC6B-049226DA3C62,44415251-ADF0-084E-AC6B-000000000000,584f4251-4000-0000-1000-000000000006,AMD Ryzen Threadripper 2990WX 32-Core Processor,32,Completed,ds213,673,4
3626789,Sequencing,2022-10-18 10:52:36,2022-10-18 11:53:03,3081,190,124,231,4F424F4D-58D8-01D7-36C2-049226DA6540,44415251-58D8-01D7-36C2-000000000000,584f4251-4000-0000-1000-000000000004,AMD Ryzen Threadripper 2950X 16-Core Processor,16,Completed,ds1,681,5
709237,Risk,2021-06-19 23:45:17,2021-06-22 13:08:00,220777,124,43,0,4F424F4D-58D8-01D7-3A37-00D861C8FEDD,44415251-58D8-01D7-3A37-000000000000,584f4251-3000-0000-2000-000000000002,AMD Ryzen 7 2700 Eight-Core Processor,8,Preempted,ds263,680,5
2861420,3DRender,2022-06-21 07:08:05,2022-06-21 07:46:13,435,141,1711,1,4F424F4D-58D8-01D7-3A91-00D8617B0B3F,44415251-58D8-01D7-3A91-000000000000,584f4251-4000-0000-1000-000000000006,AMD Ryzen Threadripper 2990WX 32-Core Processor,32,Completed,ds1,681,7
2903717,Risk,2022-06-25 00:22:48,2022-06-25 00:33:56,450,211,1,1,4F424F4D-58D8-01D7-35BD-00D86115554F,44415251-58D8-01D7-35BD-000000000000,584f4251-4000-0000-1001-000000000003,AMD Ryzen 7 2700X Eight-Core Processor,8,Preempted,ds879,511,3
1679026,Risk,2022-01-03 17:24:53,2022-01-05 15:37:13,166176,61,22,2,4F424F4D-58D8-00D7-B1DC-00D861C8FBD9,44415251-58D8-00D7-B1DC-000000000000,584f4251-2000-0000-0001-000000000002,AMD Ryzen 7 2700X Eight-Core Processor,8,Preempted,ds605,319,7
3536925,Risk,2022-10-02 14:14:34,2022-10-03 06:18:14,57545,160,109,0,4F424F4D-58D8-00D7-A70E-00D8619C78A4,44415251-58D8-00D7-A70E-000000000000,584f4251-4000-0000-1000-000000000015,AMD Ryzen 7 2700X Eight-Core Processor,8,Preempted,ds842,441,0
650726,3DRender,2021-06-11 13:09:41,2021-06-11 13:10:49,0,61,1,0,4F424F4D-58D8-01D7-3AB2-00D861C8FAC0,44415251-58D8-01D7-3AB2-000000000000,584f4251-3000-0000-2000-000000000003,AMD Ryzen 7 2700 Eight-Core Processor,8,Preempted,ds4,142,4
504803,3DRender,2021-05-15 05:29:04,2021-05-15 05:31:33,146,1,1,1,4F424F4D-58D8-01D7-3B00-00D861C8FC82,44415251-58D8-01D7-3B00-000000000000,584f4251-2001-0000-0000-000000000001,AMD Ryzen 7 2700 Eight-Core Processor,8,Completed,ds11,956,4
2625530,3DRender,2022-05-24 17:31:59,2022-05-24 17:47:48,652,102,180,14,4F424F4D-58D8-00D7-B131-00D8619C7418,44415251-58D8-00D7-B131-000000000000,584f4251-4000-0000-1000-000000000012,AMD Ryzen 7 2700X Eight-Core Processor,8,Completed,ds1,681,3
164305,3DRender,2021-03-17 07:20:31,2021-03-17 07:21:59,4,78,3,1,4F424F4D-58D8-01D7-3A6D-00D861156A88,44415251-58D8-01D7-3A6D-000000000000,584f4251-4000-0000-1001-000000000004,AMD Ryzen 7 2700X Eight-Core Processor,8,Completed,ds1,681,5
3549779,3DRender,2022-10-04 11:24:03,2022-10-04 11:26:26,139,1,1,4,4F424F4D-58D8-01D7-3A91-00D8617B0B7C,44415251-58D8-01D7-3A91-000000000000,584f4251-4000-0000-1000-000000000006,AMD Ryzen Threadripper 2990WX 32-Core Processor,32,Completed,ds380,370,4
891282,3DRender,2021-07-16 06:52:27,2021-07-16 06:52:29,1,1,1,0,4F424F4D-ADF0-084E-ABC6-00D8619C76CF,44415251-ADF0-084E-ABC6-000000000000,584f4251-4000-0000-1000-000000000012,AMD Ryzen 7 2700X Eight-Core Processor,8,Preempted,ds9,466,4
2268070,3DRender,2022-03-28 12:00:31,2022-03-28 12:01:39,67,1,1,1,4F424F4D-58D8-01D7-365F-00D8617B0B3D,44415251-58D8-01D7-365F-000000000000,584f4251-4000-0000-1001-000000000006,AMD Ryzen Threadripper 2950X 16-Core Processor,16,Completed,ds65,875,7
2897537,Risk,2022-06-23 10:13:05,2022-06-23 15:54:26,20359,105,13,1,4F424F4D-58D8-01D7-384B-00D8619C74D0,44415251-58D8-01D7-384B-000000000000,584f4251-4000-0000-1001-000000000001,AMD Ryzen 7 2700X Eight-Core Processor,8,Cancelled,ds13,789,3
1269656,3DRender,2021-10-06 23:42:14,2021-10-06 23:50:27,399,91,1,1,4F424F4D-ADF0-084E-AC2E-00D8619C74F3,44415251-ADF0-084E-AC2E-000000000000,584f4251-4000-0000-1000-000000000017,AMD Ryzen 7 2700X Eight-Core Processor,8,Completed,ds12,490,5
3149632,3DRender,2022-07-25 12:15:14,2022-07-25 12:19:20,61,138,42,0,4F424F4D-58D8-01D7-3647-00D861578454,44415251-58D8-01D7-3647-000000000000,584f4251-4000-0000-1000-000000000007,AMD Ryzen Threadripper 2950X 16-Core Processor,16,Cancelled,ds4,142,3
3459895,Risk,2022-09-24 16:44:48,2022-09-24 17:08:12,1216,158,26,0,4F424F4D-ADF0-084E-AC1B-00D861156AEC,44415251-ADF0-084E-AC1B-000000000000,584f4251-4000-0000-1001-000000000004,AMD Ryzen 7 2700X Eight-Core Processor,8,Preempted,ds125,536,6
174857,3DRender,2021-03-21 06:31:44,2021-03-21 06:33:33,3,58,46,1,4F424F4D-58D8-01D7-3B00-00D861C8FB58,44415251-58D8-01D7-3B00-000000000000,584f4251-2001-0000-0000-000000000001,AMD Ryzen 7 2700 Eight-Core Processor,8,Failed,ds1,681,7
1110328,Risk,2021-09-09 07:20:48,2021-09-09 07:38:13,931,98,1,0,4F424F4D-ADF0-084E-AC68-00D86115561A,44415251-ADF0-084E-AC68-000000000000,584f4251-4000-0000-1001-000000000004,AMD Ryzen 7 2700X Eight-Core Processor,8,Preempted,ds16,391,3
1114954,Risk,2021-09-10 20:21:48,2021-09-10 20:23:25,0,91,1,0,4F424F4D-ADF0-084E-AC68-00D861155688,44415251-ADF0-084E-AC68-000000000000,584f4251-4000-0000-1001-000000000004,AMD Ryzen 7 2700X Eight-Core Processor,8,Preempted,ds309,422,2
1563797,3DRender,2021-12-02 19:25:01,2021-12-02 20:07:10,2429,94,1,5,4F424F4D-58D8-00D7-B137-00D861156A0F,44415251-58D8-00D7-B137-000000000000,584f4251-4000-0000-1001-000000000005,AMD Ryzen 7 2700X Eight-Core Processor,8,Completed,ds29,926,5
2577785,Risk,2022-05-12 16:26:24,2022-05-12 16:32:53,265,108,5,1,4F424F4D-58D8-00D7-A70E-00D8619C789F,44415251-58D8-00D7-A70E-000000000000,584f4251-4000-0000-1000-000000000015,AMD Ryzen 7 2700X Eight-Core Processor,8,Cancelled,ds551,247,4
1131338,3DRender,2021-09-15 15:19:06,2021-09-15 15:30:00,554,98,1,1,4F424F4D-58D8-01D7-3842-00D8619C7350,44415251-58D8-01D7-3842-000000000000,584f4251-4000-0000-1001-000000000005,AMD Ryzen 7 2700X Eight-Core Processor,8,Completed,ds81,663,2
704636,3DRender,2021-06-21 11:20:03,2021-06-21 11:32:52,765,1,1,3,4F424F4D-58D8-01D7-3AF1-00D861C8FC84,44415251-58D8-01D7-3AF1-000000000000,584f4251-3000-0000-2000-000000000002,AMD Ryzen 7 2700 Eight-Core Processor,8,Completed,ds7,394,6
3485023,3DRender,2022-09-28 03:37:38,2022-09-28 03:53:39,754,206,1,1,4F424F4D-ADF0-084E-AC6B-049226DA3DE9,44415251-ADF0-084E-AC6B-000000000000,584f4251-4000-0000-1000-000000000006,AMD Ryzen Threadripper 2990WX 32-Core Processor,32,Failed,ds9,466,7
1812034,Risk,2022-01-28 09:32:58,2022-01-28 09:36:08,0,0,181,1,4F424F4D-58D8-00D7-A3E7-00D8619C7522,44415251-58D8-00D7-A3E7-000000000000,584f4251-4000-0000-1000-000000000019,AMD Ryzen 7 2700X Eight-Core Processor,8,Failed,ds1,681,1
525566,3DRender,2021-05-20 08:55:55,2021-05-20 08:59:15,0,197,1,0,4F424F4D-58D8-01D7-3809-049226D9D984,44415251-58D8-01D7-3809-000000000000,584f4251-4000-0000-1000-000000000004,AMD Ryzen Threadripper 2950X 16-Core Processor,16,Preempted,ds1,681,3
1564935,Risk,2021-12-03 03:07:18,2021-12-03 03:10:36,65,104,22,1,4F424F4D-ADF0-084E-AC68-00D861155613,44415251-ADF0-084E-AC68-000000000000,584f4251-4000-0000-1001-000000000004,AMD Ryzen 7 2700X Eight-Core Processor,8,Preempted,ds46,312,6
660982,3DRender,2021-06-14 15:36:47,2021-06-14 15:40:45,144,78,13,2,4F424F4D-58D8-01D7-3AEE-00D8617B5E25,44415251-58D8-01D7-3AEE-000000000000,584f4251-2001-0000-0000-000000000001,AMD Ryzen 7 2700 Eight-Core Processor,8,Completed,ds44,687,7
2051836,3DRender,2022-02-26 19:36:08,2022-02-26 19:41:43,120,1,1,215,4F424F4D-58D8-01D7-3A6D-00D86115557E,44415251-58D8-01D7-3A6D-000000000000,584f4251-4000-0000-1001-000000000004,AMD Ryzen 7 2700X Eight-Core Processor,8,Failed,ds75,396,6
3559509,3DRender,2022-10-06 14:59:43,2022-10-06 15:02:38,3,167,1,2,4F424F4D-58D8-01D7-3863-00D861155675,44415251-58D8-01D7-3863-000000000000,584f4251-4000-0000-1001-000000000003,AMD Ryzen 7 2700X Eight-Core Processor,8,Failed,ds1,681,7
3197955,3DRender,2022-08-02 17:56:21,2022-08-02 17:59:28,183,1,1,3,4F424F4D-58D8-01D7-3668-00D861578342,44415251-58D8-01D7-3668-000000000000,584f4251-4000-0000-1000-000000000007,AMD Ryzen Threadripper 2950X 16-Core Processor,16,Completed,ds2,438,1
946374,3DRender,2021-07-28 08:47:58,2021-07-28 08:49:54,4,103,7,1,4F424F4D-58D8-00D7-A606-00D8619C7300,44415251-58D8-00D7-A606-000000000000,584f4251-4000-0000-1000-000000000015,AMD Ryzen 7 2700X Eight-Core Processor,8,Completed,ds281,485,2
7924,Risk,2021-01-29 15:03:39,2021-01-29 16:20:12,4432,84,63,0,4F424F4D-58D8-00D7-A3A5-00D8619C7308,44415251-58D8-00D7-A3A5-000000000000,584f4251-4000-0000-1000-000000000015,AMD Ryzen 7 2700X Eight-Core Processor,8,Preempted,ds725,650,4
2638565,3DRender,2022-05-26 12:46:14,2022-05-26 13:10:59,1482,1,1,1,4F424F4D-58D8-00D7-A615-00D8619C73F5,44415251-58D8-00D7-A615-000000000000,584f4251-4000-0000-1000-000000000015,AMD Ryzen 7 2700X Eight-Core Processor,8,Completed,ds764,126,6
951884,Risk,2021-07-30 05:00:19,2021-07-30 05:40:16,2236,95,50,0,4F424F4D-58D8-00D7-A615-00D8619C7469,44415251-58D8-00D7-A615-000000000000,584f4251-4000-0000-1000-000000000015,AMD Ryzen 7 2700X Eight-Core Processor,8,Preempted,ds24,838,0
2836615,Risk,2022-06-18 22:32:27,2022-06-18 22:49:55,867,174,1,1,4F424F4D-ADF0-084E-AC68-00D8611555F0,44415251-ADF0-084E-AC68-000000000000,584f4251-4000-0000-1001-000000000004,AMD Ryzen 7 2700X Eight-Core Processor,8,Preempted,ds2,438,3
1481258,3DRender,2021-11-11 22:31:48,2021-11-11 22:34:35,165,1,1,1,4F424F4D-ADF0-084E-ABC1-049226DA63DE,44415251-ADF0-084E-ABC1-000000000000,584f4251-4000-0000-1000-000000000016,AMD Ryzen Threadripper 2990WX 32-Core Processor,32,Completed,ds6,846,2
895234,3DRender,2021-07-16 12:52:59,2021-07-16 12:54:34,94,1,1,1,4F424F4D-58D8-01D7-3B00-00D861C8FBE3,44415251-58D8-01D7-3B00-000000000000,584f4251-2001-0000-0000-000000000001,AMD Ryzen 7 2700 Eight-Core Processor,8,Completed,ds26,815,1
1547177,3DRender,2021-11-28 15:26:31,2021-11-28 15:35:27,481,52,1,2,4F424F4D-58D8-00D7-B2A2-00D861C1EB2A,44415251-58D8-00D7-B2A2-000000000000,584f4251-2000-0000-0001-000000000003,AMD Ryzen 7 2700X Eight-Core Processor,8,Completed,ds1,681,3
458124,Risk,2021-05-11 22:34:56,2021-05-11 22:39:13,81,102,60,0,4F424F4D-ADF0-084E-AC68-00D86115561A,44415251-ADF0-084E-AC68-000000000000,584f4251-4000-0000-1001-000000000004,AMD Ryzen 7 2700X Eight-Core Processor,8,Preempted,ds356,407,5
3456678,3DRender,2022-09-23 05:39:37,2022-09-23 05:46:18,236,164,1,1,4F424F4D-ADF0-084E-ABC6-00D8619C7766,44415251-ADF0-084E-ABC6-000000000000,584f4251-4000-0000-1000-000000000012,AMD Ryzen 7 2700X Eight-Core Processor,8,Completed,ds5,576,3
581638,3DRender,2021-05-30 17:37:51,2021-05-30 17:40:39,58,101,7,1,4F424F4D-58D8-01D7-37A3-00D8611555BD,44415251-58D8-01D7-37A3-000000000000,584f4251-4000-0000-1001-000000000003,AMD Ryzen 7 2700X Eight-Core Processor,8,Completed,ds2,438,5
1411420,Risk,2021-10-27 13:40:46,2021-10-27 13:41:13,0,10,9,1,4F424F4D-58D8-01D7-37A3-00D8619C75C8,44415251-58D8-01D7-37A3-000000000000,584f4251-4000-0000-1001-000000000003,AMD Ryzen 7 2700X Eight-Core Processor,8,Preempted,ds52,723,4
127807,3DRender,2021-03-03 20:04:18,2021-03-03 20:07:16,18,75,82,3,4F424F4D-58D8-01D7-3848-00D861155575,44415251-58D8-01D7-3848-000000000000,584f4251-4000-0000-1001-000000000005,AMD Ryzen 7 2700X Eight-Core Processor,8,Failed,ds2,438,2
519891,Risk,2021-05-13 01:53:30,2021-05-19 13:15:25,559181,95,24,0,4F424F4D-ADF0-084E-AC09-00D8619C7463,44415251-ADF0-084E-AC09-000000000000,584f4251-4000-0000-1000-000000000012,AMD Ryzen 7 2700X Eight-Core Processor,8,Preempted,ds30,323,7
482765,3DRender,2021-05-14 09:05:25,2021-05-14 09:09:33,0,239,1,0,4F424F4D-58D8-01D7-3809-049226D9D922,44415251-58D8-01D7-3809-000000000000,584f4251-4000-0000-1000-000000000004,AMD Ryzen Threadripper 2950X 16-Core Processor,16,Preempted,ds10,801,1
1062322,ML,2021-08-30 00:15:55,2021-08-30 00:17:35,0,99,1,0,4F424F4D-58D8-01D7-38BD-049226D9B66B,44415251-58D8-01D7-38BD-000000000000,584f4251-4000-0000-1000-000000000006,AMD Ryzen Threadripper 2990WX 32-Core Processor,32,Preempted,ds185,441,7
2795920,Risk,2022-06-15 00:24:56,2022-06-15 00:26:06,0,66,1,1,4F424F4D-58D8-00D7-B158-00D86115559B,44415251-58D8-00D7-B158-000000000000,584f4251-4000-0000-1001-000000000005,AMD Ryzen 7 2700X Eight-Core Processor,8,Preempted,ds621,281,1
2836572,Risk,2022-06-18 16:57:07,2022-06-18 22:31:15,19799,237,7,1,4F424F4D-58D8-01D7-3653-00D861156971,44415251-58D8-01D7-3653-000000000000,584f4251-4000-0000-1001-000000000004,AMD Ryzen 7 2700X Eight-Core Processor,8,Preempted,ds1,681,7
2606125,3DRender,2022-05-20 09:51:13,2022-05-20 09:54:52,25,66,124,1,4F424F4D-58D8-01D7-3AF1-00D861C8FC0A,44415251-58D8-01D7-3AF1-000000000000,584f4251-3000-0000-2000-000000000002,AMD Ryzen 7 2700 Eight-Core Processor,8,Completed,ds1,681,6
791678,3DRender,2021-07-07 15:01:29,2021-07-07 15:01:55,0,4,11,0,4F424F4D-58D8-01D7-37A3-00D8619C77C0,44415251-58D8-01D7-37A3-000000000000,584f4251-4000-0000-1001-000000000003,AMD Ryzen 7 2700X Eight-Core Processor,8,Preempted,ds1,681,2
1390829,3DRender,2021-10-25 08:19:22,2021-10-25 09:06:34,2716,100,8,0,4F424F4D-58D8-01D7-3758-00D8619C7501,44415251-58D8-01D7-3758-000000000000,584f4251-4000-0000-1000-000000000017,AMD Ryzen 7 2700X Eight-Core Processor,8,Cancelled,ds136,322,0
316379,Risk,2021-04-25 06:11:13,2021-04-25 06:15:40,101,97,63,0,4F424F4D-58D8-01D7-3653-00D861156A3B,44415251-58D8-01D7-3653-000000000000,584f4251-4000-0000-1001-000000000004,AMD Ryzen 7 2700X Eight-Core Processor,8,Preempted,ds38,887,0
1404611,3DRender,2021-10-26 16:03:05,2021-10-26 16:07:51,284,1,1,1,4F424F4D-58D8-01D7-37A3-00D8611555AC,44415251-58D8-01D7-37A3-000000000000,584f4251-4000-0000-1001-000000000003,AMD Ryzen 7 2700X Eight-Core Processor,8,Completed,ds1,681,7
1359038,3DRender,2021-10-21 03:53:11,2021-10-21 04:08:29,740,155,21,1,4F424F4D-ADF0-084E-AC6B-049226DA3E22,44415251-ADF0-084E-AC6B-000000000000,584f4251-4000-0000-1000-000000000006,AMD Ryzen Threadripper 2990WX 32-Core Processor,32,Completed,ds3,497,1
262318,3DRender,2021-04-19 16:20:21,2021-04-19 16:22:12,83,21,1,5,4F424F4D-58D8-01D7-36C2-049226DA65C2,44415251-58D8-01D7-36C2-000000000000,584f4251-4000-0000-1000-000000000004,AMD Ryzen Threadripper 2950X 16-Core Processor,16,Completed,ds477,844,3
2762441,Risk,2022-06-11 21:27:03,2022-06-11 21:45:40,1004,109,1,1,4F424F4D-58D8-01D7-35BD-00D861156ABE,44415251-58D8-01D7-35BD-000000000000,584f4251-4000-0000-1001-000000000003,AMD Ryzen 7 2700X Eight-Core Processor,8,Preempted,ds2,438,5
277771,3DRender,2021-04-21 11:01:32,2021-04-21 11:03:35,106,12,1,3,4F424F4D-58D8-01D7-3809-049226D9D914,44415251-58D8-01D7-3809-000000000000,584f4251-4000-0000-1000-000000000004,AMD Ryzen Threadripper 2950X 16-Core Processor,16,Completed,ds523,235,7
2932443,3DRender,2022-06-28 13:50:55,2022-06-28 13:52:39,3,99,1,1,4F424F4D-58D8-01D7-35BD-00D861156B41,44415251-58D8-01D7-35BD-000000000000,584f4251-4000-0000-1001-000000000003,AMD Ryzen 7 2700X Eight-Core Processor,8,Failed,ds1,681,3
2426308,3DRender,2022-04-23 02:26:36,2022-04-23 02:44:31,772,299,1,3,4F424F4D-58D8-01D7-38BD-00D86157832E,44415251-58D8-01D7-38BD-000000000000,584f4251-4000-0000-1000-000000000006,AMD Ryzen Threadripper 2990WX 32-Core Processor,32,Completed,ds1,681,1
3558920,3DRender,2022-10-06 14:40:05,2022-10-06 14:45:11,20,160,122,2,4F424F4D-58D8-01D7-3863-00D8611556FD,44415251-58D8-01D7-3863-000000000000,584f4251-4000-0000-1001-000000000003,AMD Ryzen 7 2700X Eight-Core Processor,8,Completed,ds455,241,4
3571986,3DRender,2022-10-09 11:40:02,2022-10-09 11:40:40,36,1,1,1,4F424F4D-58D8-01D7-3A91-00D8617B0EAC,44415251-58D8-01D7-3A91-000000000000,584f4251-4000-0000-1000-000000000006,AMD Ryzen Threadripper 2990WX 32-Core Processor,32,Completed,ds6,846,2
323455,3DRender,2021-04-26 00:46:45,2021-04-26 00:47:14,0,21,1,0,4F424F4D-58D8-01D7-36C2-049226D9DA0B,44415251-58D8-01D7-36C2-000000000000,584f4251-4000-0000-1000-000000000004,AMD Ryzen Threadripper 2950X 16-Core Processor,16,Preempted,ds507,264,7
1514469,Risk,2021-11-17 12:16:52,2021-11-21 00:11:33,301894,163,12,1,4F424F4D-58D8-01D7-35BD-00D86115565B,44415251-58D8-01D7-35BD-000000000000,584f4251-4000-0000-1001-000000000003,AMD Ryzen 7 2700X Eight-Core Processor,8,Preempted,ds1,681,6
535129,3DRender,2021-05-21 07:30:48,2021-05-21 07:33:03,60,69,1,4,4F424F4D-58D8-01D7-36C2-049226D9D8DE,44415251-58D8-01D7-36C2-000000000000,584f4251-4000-0000-1000-000000000004,AMD Ryzen Threadripper 2950X 16-Core Processor,16,Completed,ds217,388,6
1055385,ML,2021-08-29 00:34:57,2021-08-29 00:37:24,0,145,1,0,4F424F4D-ADF0-084E-AC6B-049226DA3E22,44415251-ADF0-084E-AC6B-000000000000,584f4251-4000-0000-1000-000000000006,AMD Ryzen Threadripper 2990WX 32-Core Processor,32,Preempted,ds2,438,0
2510537,3DRender,2022-05-05 10:32:19,2022-05-05 10:34:26,27,95,3,2,4F424F4D-ADF0-084E-AC5B-00D8617B0DB6,44415251-ADF0-084E-AC5B-000000000000,584f4251-4000-0000-1000-000000000016,AMD Ryzen Threadripper 2990WX 32-Core Processor,32,Completed,ds62,697,6
2916293,Risk,2022-06-27 10:12:53,2022-06-27 10:19:20,143,209,30,1,4F424F4D-58D8-01D7-35BD-00D86115554F,44415251-58D8-01D7-35BD-000000000000,584f4251-4000-0000-1001-000000000003,AMD Ryzen 7 2700X Eight-Core Processor,8,Preempted,ds2,438,0
3086374,3DRender,2022-07-19 14:23:26,2022-07-19 14:48:31,1136,271,84,0,4F424F4D-58D8-01D7-384B-00D8619C7533,44415251-58D8-01D7-384B-000000000000,584f4251-4000-0000-1001-000000000001,AMD Ryzen 7 2700X Eight-Core Processor,8,Preempted,ds30,323,3
123562,Risk,2021-03-02 08:08:01,2021-03-02 09:04:20,3267,81,26,0,4F424F4D-58D8-00D7-B137-00D861156973,44415251-58D8-00D7-B137-000000000000,584f4251-4000-0000-1001-000000000005,AMD Ryzen 7 2700X Eight-Core Processor,8,Preempted,ds1,681,1
2583054,3DRender,2022-05-14 22:25:54,2022-05-14 23:07:23,2181,250,44,11,4F424F4D-ADF0-084E-AC6B-00D8617B0DE4,44415251-ADF0-084E-AC6B-000000000000,584f4251-4000-0000-1000-000000000006,AMD Ryzen Threadripper 2990WX 32-Core Processor,32,Completed,ds11,956,6
3002095,3DRender,2022-07-07 08:50:22,2022-07-07 08:53:29,58,112,13,2,4F424F4D-58D8-01D7-3A6D-00D861156B50,44415251-58D8-01D7-3A6D-000000000000,584f4251-4000-0000-1001-000000000004,AMD Ryzen 7 2700X Eight-Core Processor,8,Completed,ds47,553,4
3605807,Risk,2022-10-15 13:29:08,2022-10-15 13:37:07,306,165,1,0,4F424F4D-58D8-01D7-3653-00D861156A24,44415251-58D8-01D7-3653-000000000000,584f4251-4000-0000-1001-000000000004,AMD Ryzen 7 2700X Eight-Core Processor,8,Preempted,ds6,846,0
2301361,Risk,2022-04-05 07:12:47,2022-04-05 07:15:50,0,0,179,1,4F424F4D-58D8-01D7-35BD-00D86115565B,44415251-58D8-01D7-35BD-000000000000,584f4251-4000-0000-1001-000000000003,AMD Ryzen 7 2700X Eight-Core Processor,8,Failed,ds635,917,5
2388198,Risk,2022-04-17 08:27:13,2022-04-17 08:30:17,0,0,179,1,4F424F4D-58D8-01D7-35BD-00D86115574E,44415251-58D8-01D7-35BD-000000000000,584f4251-4000-0000-1001-000000000003,AMD Ryzen 7 2700X Eight-Core Processor,8,Failed,ds3,497,2
2182625,3DRender,2022-03-14 10:27:53,2022-03-14 10:37:26,568,1,1,3,4F424F4D-58D8-01D7-37A3-00D861155702,44415251-58D8-01D7-37A3-000000000000,584f4251-4000-0000-1001-000000000003,AMD Ryzen 7 2700X Eight-Core Processor,8,Completed,ds110,463,5
1016760,3DRender,2021-08-22 01:38:53,2021-08-22 01:40:28,5,74,11,3,4F424F4D-58D8-01D7-376A-00D8619C737F,44415251-58D8-01D7-376A-000000000000,584f4251-4000-0000-1001-000000000001,AMD Ryzen 7 2700X Eight-Core Processor,8,Completed,ds1,681,0
3622753,3DRender,2022-10-17 10:27:27,2022-10-17 10:31:33,4,147,84,10,4F424F4D-58D8-00D7-B131-00D8619C7422,44415251-58D8-00D7-B131-000000000000,584f4251-4000-0000-1000-000000000012,AMD Ryzen 7 2700X Eight-Core Processor,8,Completed,ds17,140,5
3448811,3DRender,2022-09-22 13:19:37,2022-09-22 13:23:20,221,1,1,1,4F424F4D-58D8-01D7-3A91-00D8617B0E02,44415251-58D8-01D7-3A91-000000000000,584f4251-4000-0000-1000-000000000006,AMD Ryzen Threadripper 2990WX 32-Core Processor,32,Completed,ds911,304,2
967465,3DRender,2021-08-04 09:28:39,2021-08-04 09:29:53,5,65,1,1,4F424F4D-58D8-01D7-3A37-00D861C8FC7D,44415251-58D8-01D7-3A37-000000000000,584f4251-3000-0000-2000-000000000002,AMD Ryzen 7 2700 Eight-Core Processor,8,Completed,ds715,625,1
1022,3DRender,2021-01-27 00:13:50,2021-01-27 00:15:55,59,60,1,3,4F424F4D-58D8-00D7-B155-00D8617B5DDB,44415251-58D8-00D7-B155-000000000000,584f4251-2001-0000-0000-000000000002,AMD Ryzen 7 2700 Eight-Core Processor,8,Completed,ds123,715,6
995492,Risk,2021-08-14 06:22:41,2021-08-14 06:24:50,0,121,7,0,4F424F4D-ADF0-084E-ABEE-00D8619C7470,44415251-ADF0-084E-ABEE-000000000000,584f4251-4000-0000-1000-000000000012,AMD Ryzen 7 2700X Eight-Core Processor,8,Preempted,ds1,681,4
2195655,Risk,2022-03-16 07:28:25,2022-03-16 07:29:07,0,11,25,1,4F424F4D-58D8-01D7-3AB8-00D8617B5ED2,44415251-58D8-01D7-3AB8-000000000000,584f4251-3000-0000-2000-000000000006,AMD Ryzen 7 2700 Eight-Core Processor,8,Preempted,ds736,917,6
2170296,3DRender,2022-03-12 04:07:14,2022-03-12 04:20:06,691,78,1,2,4F424F4D-58D8-01D7-37A3-00D8611555D1,44415251-58D8-01D7-37A3-000000000000,584f4251-4000-0000-1001-000000000003,AMD Ryzen 7 2700X Eight-Core Processor,8,Completed,ds22,956,1
3084355,3DRender,2022-07-19 10:09:37,2022-07-19 10:17:33,174,135,121,45,4F424F4D-58D8-01D7-3A91-00D8617B0C4D,44415251-58D8-01D7-3A91-000000000000,584f4251-4000-0000-1000-000000000006,AMD Ryzen Threadripper 2990WX 32-Core Processor,32,Completed,ds163,725,4
286048,3DRender,2021-04-22 01:28:35,2021-04-22 01:41:28,1,759,2,1,4F424F4D-58D8-01D7-36C2-049226D9D917,44415251-58D8-01D7-36C2-000000000000,584f4251-4000-0000-1000-000000000004,AMD Ryzen Threadripper 2950X 16-Core Processor,16,Failed,ds1,681,0
1027016,Risk,2021-08-24 13:12:10,2021-08-24 23:23:31,36567,97,1,0,4F424F4D-ADF0-084E-AC68-00D8611555D3,44415251-ADF0-084E-AC68-000000000000,584f4251-4000-0000-1001-000000000004,AMD Ryzen 7 2700X Eight-Core Processor,8,Preempted,ds246,801,4
3491386,Risk,2022-09-21 13:16:21,2022-09-28 14:21:25,608530,161,3,0,4F424F4D-58D8-00D7-B158-00D86115564B,44415251-58D8-00D7-B158-000000000000,584f4251-4000-0000-1001-000000000005,AMD Ryzen 7 2700X Eight-Core Processor,8,Cancelled,ds74,594,6
2615004,3DRender,2022-05-23 09:54:52,2022-05-23 09:59:21,185,81,1,3,4F424F4D-58D8-01D7-386F-2CF05D7ECC51,44415251-58D8-01D7-386F-000000000000,584f4251-3000-0000-2000-000000000001,AMD Ryzen 7 3700X 8-Core Processor,8,Completed,ds52,723,2
2545533,3DRender,2022-05-07 19:46:25,2022-05-07 20:14:00,1533,118,1,1,4F424F4D-58D8-01D7-3B03-00D861C8FAAD,44415251-58D8-01D7-3B03-000000000000,584f4251-3000-0000-2000-000000000002,AMD Ryzen 7 2700 Eight-Core Processor,8,Completed,ds1,681,6
2822927,3DRender,2022-06-16 16:54:31,2022-06-16 17:05:39,461,118,87,2,4F424F4D-58D8-01D7-38BD-00D8617B0B64,44415251-58D8-01D7-38BD-000000000000,584f4251-4000-0000-1000-000000000006,AMD Ryzen Threadripper 2990WX 32-Core Processor,32,Completed,ds35,140,2
1209304,Risk,2021-09-28 13:48:00,2021-09-28 13:53:57,69,269,1,0,4F424F4D-58D8-01D7-3653-00D861156A19,44415251-58D8-01D7-3653-000000000000,584f4251-4000-0000-1001-000000000004,AMD Ryzen 7 2700X Eight-Core Processor,8,Preempted,ds1,681,5
3649029,3DRender,2022-10-19 20:41:36,2022-10-19 20:43:00,82,1,1,1,4F424F4D-58D8-01D7-3A6D-00D86115563D,44415251-58D8-01D7-3A6D-000000000000,584f4251-4000-0000-1001-000000000004,AMD Ryzen 7 2700X Eight-Core Processor,8,Completed,ds359,805,6
1349482,Risk,2021-10-19 12:09:58,2021-10-19 12:18:21,110,199,1,2,4F424F4D-ADF0-084E-AC09-00D8619C756B,44415251-ADF0-084E-AC09-000000000000,584f4251-4000-0000-1000-000000000012,AMD Ryzen 7 2700X Eight-Core Processor,8,Preempted,ds1,681,6
707347,Risk,2021-06-21 18:30:16,2021-06-21 18:48:55,1003,100,1,0,4F424F4D-58D8-01D7-3653-00D861156A4C,44415251-58D8-01D7-3653-000000000000,584f4251-4000-0000-1001-000000000004,AMD Ryzen 7 2700X Eight-Core Processor,8,Preempted,ds105,148,1
437486,3DRender,2021-05-07 06:58:44,2021-05-07 07:15:16,568,131,1,293,4F424F4D-58D8-01D7-36C2-049226DA64DD,44415251-58D8-01D7-36C2-000000000000,584f4251-4000-0000-1000-000000000004,AMD Ryzen Threadripper 2950X 16-Core Processor,16,Completed,ds38,887,7
3329174,Risk,2022-08-27 08:07:07,2022-08-27 09:35:23,5125,160,1,0,4F424F4D-58D8-01D7-3758-00D8619C74C0,44415251-58D8-01D7-3758-000000000000,584f4251-4000-0000-1000-000000000017,AMD Ryzen 7 2700X Eight-Core Processor,8,Preempted,ds16,391,6
1578827,3DRender,2021-12-08 00:43:56,2021-12-08 01:32:28,833,106,1971,1,4F424F4D-58D8-01D7-38BD-00D8617B0C96,44415251-58D8-01D7-38BD-000000000000,584f4251-4000-0000-1000-000000000006,AMD Ryzen Threadripper 2990WX 32-Core Processor,32,Completed,ds2,438,5
531562,3DRender,2021-05-20 17:54:57,2021-05-20 18:41:58,0,0,2812,1,4F424F4D-58D8-01D7-38BD-00D8617B0C98,44415251-58D8-01D7-38BD-000000000000,584f4251-4000-0000-1000-000000000006,AMD Ryzen Threadripper 2990WX 32-Core Processor,32,Failed,ds2,438,6
1411357,Risk,2021-10-27 13:30:38,2021-10-27 13:32:23,0,98,1,1,4F424F4D-58D8-01D7-37A3-00D8611555D1,44415251-58D8-01D7-37A3-000000000000,584f4251-4000-0000-1001-000000000003,AMD Ryzen 7 2700X Eight-Core Processor,8,Preempted,ds4,142,7
1469400,3DRender,2021-11-08 21:05:30,2021-11-08 21:06:05,32,1,1,1,4F424F4D-58D8-01D7-3758-00D8619C7344,44415251-58D8-01D7-3758-000000000000,584f4251-4000-0000-1000-000000000017,AMD Ryzen 7 2700X Eight-Core Processor,8,Completed,ds1,681,0
2061787,Risk,2022-02-28 09:04:02,2022-02-28 09:04:58,0,47,1,1,4F424F4D-ADF0-084E-AC1B-00D861156AEC,44415251-ADF0-084E-AC1B-000000000000,584f4251-4000-0000-1001-000000000004,AMD Ryzen 7 2700X Eight-Core Processor,8,Preempted,ds2,438,4
1168754,3DRender,2021-09-22 12:13:21,2021-09-22 12:16:17,81,93,1,1,4F424F4D-58D8-01D7-37A3-00D86115561E,44415251-58D8-01D7-37A3-000000000000,584f4251-4000-0000-1001-000000000003,AMD Ryzen 7 2700X Eight-Core Processor,8,Completed,ds14,696,2
1244296,3DRender,2021-10-01 15:36:17,2021-10-01 15:38:09,3,100,5,2,4F424F4D-58D8-01D7-3863-00D86115566C,44415251-58D8-01D7-3863-000000000000,584f4251-4000-0000-1001-000000000003,AMD Ryzen 7 2700X Eight-Core Processor,8,Failed,ds136,322,3
22773,Risk,2021-02-01 17:20:43,2021-02-02 02:00:34,31054,83,51,0,4F424F4D-58D8-01D7-3653-00D861156A35,44415251-58D8-01D7-3653-000000000000,584f4251-4000-0000-1001-000000000004,AMD Ryzen 7 2700X Eight-Core Processor,8,Preempted,ds4,142,7
2162229,3DRender,2022-03-10 20:09:58,2022-03-10 20:14:38,278,1,1,1,4F424F4D-58D8-01D7-3863-00D861155633,44415251-58D8-01D7-3863-000000000000,584f4251-4000-0000-1001-000000000003,AMD Ryzen 7 2700X Eight-Core Processor,8,Completed,ds14,696,1
3596343,3DRender,2022-10-13 13:24:03,2022-10-13 13:32:32,379,112,17,1,4F424F4D-58D8-00D7-B0C5-00D861C8FE62,44415251-58D8-00D7-B0C5-000000000000,584f4251-2000-0000-0001-000000000001,AMD Ryzen 7 2700X Eight-Core Processor,8,Completed,ds269,329,6
2662735,3DRender,2022-05-31 16:49:43,2022-05-31 16:51:33,4,103,1,2,4F424F4D-58D8-00D7-A615-00D8619C77C6,44415251-58D8-00D7-A615-000000000000,584f4251-4000-0000-1000-000000000015,AMD Ryzen 7 2700X Eight-Core Processor,8,Failed,ds4,142,3
1498116,3DRender,2021-11-16 02:43:07,2021-11-16 02:44:19,7,52,11,1,4F424F4D-58D8-00D7-AF12-00D861C8FBB2,44415251-58D8-00D7-AF12-000000000000,584f4251-2000-0000-0001-000000000003,AMD Ryzen 7 2700X Eight-Core Processor,8,Completed,ds12,490,5
2292230,3DRender,2022-04-02 18:28:30,2022-04-02 18:30:10,0,91,1,0,4F424F4D-58D8-01D7-3AF1-00D861C8FC84,44415251-58D8-01D7-3AF1-000000000000,584f4251-3000-0000-2000-000000000002,AMD Ryzen 7 2700 Eight-Core Processor,8,Preempted,ds2,438,1
1241449,3DRender,2021-10-01 11:06:27,2021-10-01 11:15:41,459,91,1,2,4F424F4D-58D8-00D7-B137-00D861156A94,44415251-58D8-00D7-B137-000000000000,584f4251-4000-0000-1001-000000000005,AMD Ryzen 7 2700X Eight-Core Processor,8,Completed,ds1,681,3
3059930,3DRender,2022-07-15 11:51:35,2022-07-15 11:54:33,0,162,10,0,4F424F4D-58D8-00D7-AF51-049226D9B662,44415251-58D8-00D7-AF51-000000000000,584f4251-4000-0000-1000-000000000006,AMD Ryzen Threadripper 2990WX 32-Core Processor,32,Preempted,ds1,681,1
1340635,3DRender,2021-10-17 21:01:50,2021-10-17 21:07:21,233,96,1,1,4F424F4D-ADF0-084E-AC2E-00D8619C73D6,44415251-ADF0-084E-AC2E-000000000000,584f4251-4000-0000-1000-000000000017,AMD Ryzen 7 2700X Eight-Core Processor,8,Completed,ds71,420,7
910291,Risk,2021-07-20 11:36:48,2021-07-20 11:39:32,0,149,10,0,4F424F4D-58D8-01D7-3653-00D861156A22,44415251-58D8-01D7-3653-000000000000,584f4251-4000-0000-1001-000000000004,AMD Ryzen 7 2700X Eight-Core Processor,8,Preempted,ds3,497,5
1096257,Risk,2021-09-04 05:19:55,2021-09-04 05:22:50,0,168,1,0,4F424F4D-ADF0-084E-AC68-00D861155679,44415251-ADF0-084E-AC68-000000000000,584f4251-4000-0000-1001-000000000004,AMD Ryzen 7 2700X Eight-Core Processor,8,Preempted,ds7,394,0
3502372,3DRender,2022-09-29 11:06:39,2022-09-29 11:23:10,831,139,19,1,4F424F4D-58D8-01D7-384B-00D8619C7553,44415251-58D8-01D7-384B-000000000000,584f4251-4000-0000-1001-000000000001,AMD Ryzen 7 2700X Eight-Core Processor,8,Completed,ds9,466,0
2636828,3DRender,2022-05-26 10:35:06,2022-05-26 10:48:25,680,104,5,10,4F424F4D-58D8-00D7-A615-00D8619C7469,44415251-58D8-00D7-A615-000000000000,584f4251-4000-0000-1000-000000000015,AMD Ryzen 7 2700X Eight-Core Processor,8,Completed,ds810,572,1
1400017,Risk,2021-10-23 05:22:16,2021-10-26 11:11:00,280019,97,4,1,4F424F4D-58D8-01D7-3848-00D861155566,44415251-58D8-01D7-3848-000000000000,584f4251-4000-0000-1001-000000000005,AMD Ryzen 7 2700X Eight-Core Processor,8,Cancelled,ds58,271,4
2263818,3DRender,2022-03-25 12:39:20,2022-03-25 13:21:53,2389,144,17,2,4F424F4D-58D8-00D7-B077-049226DA3C7C,44415251-58D8-00D7-B077-000000000000,584f4251-4000-0000-1000-000000000016,AMD Ryzen Threadripper 2990WX 32-Core Processor,32,Completed,ds1,681,1
3133525,3DRender,2022-07-22 14:10:39,2022-07-22 14:21:02,113,207,302,1,4F424F4D-58D8-01D7-38BD-049226DA6401,44415251-58D8-01D7-38BD-000000000000,584f4251-4000-0000-1000-000000000006,AMD Ryzen Threadripper 2990WX 32-Core Processor,32,Completed,ds828,734,5
889744,3DRender,2021-07-15 21:42:47,2021-07-15 21:44:34,17,70,17,1,4F424F4D-58D8-01D7-3AB5-00D861C8FAB2,44415251-58D8-01D7-3AB5-000000000000,584f4251-3000-0000-2000-000000000002,AMD Ryzen 7 2700 Eight-Core Processor,8,Completed,ds5,576,2
889198,3DRender,2021-07-15 19:54:16,2021-07-15 20:04:27,610,1,1,1,4F424F4D-ADF0-084E-ABC6-00D8619C732D,44415251-ADF0-084E-ABC6-000000000000,584f4251-4000-0000-1000-000000000012,AMD Ryzen 7 2700X Eight-Core Processor,8,Completed,ds248,637,1
1311985,Risk,2021-10-14 11:10:46,2021-10-14 11:27:13,834,101,42,1,4F424F4D-ADF0-084E-AC09-00D8619C7606,44415251-ADF0-084E-AC09-000000000000,584f4251-4000-0000-1000-000000000012,AMD Ryzen 7 2700X Eight-Core Processor,8,Preempted,ds218,753,4
2575941,Risk,2022-05-01 12:27:28,2022-05-11 11:32:37,860591,106,1,1,4F424F4D-ADF0-084E-ABC6-00D8619C73BB,44415251-ADF0-084E-ABC6-000000000000,584f4251-4000-0000-1000-000000000012,AMD Ryzen 7 2700X Eight-Core Processor,8,Cancelled,ds2,438,4
126920,3DRender,2021-03-03 05:01:16,2021-03-03 05:05:26,247,1,1,1,4F424F4D-58D8-01D7-3AEE-00D8617B5E25,44415251-58D8-01D7-3AEE-000000000000,584f4251-2001-0000-0000-000000000001,AMD Ryzen 7 2700 Eight-Core Processor,8,Completed,ds50,269,7
415210,3DRender,2021-05-05 15:27:40,2021-05-05 15:33:51,124,85,150,11,4F424F4D-58D8-01D7-3668-00D8617B0CE3,44415251-58D8-01D7-3668-000000000000,584f4251-4000-0000-1000-000000000007,AMD Ryzen Threadripper 2950X 16-Core Processor,16,Completed,ds1,681,6
1931277,3DRender,2022-02-09 09:56:43,2022-02-09 09:59:02,136,1,1,1,4F424F4D-58D8-01D7-3A6D-00D861155589,44415251-58D8-01D7-3A6D-000000000000,584f4251-4000-0000-1001-000000000004,AMD Ryzen 7 2700X Eight-Core Processor,8,Completed,ds195,144,5
1875381,Risk,2022-02-03 15:18:30,2022-02-03 21:14:20,21230,105,11,1,4F424F4D-ADF0-084E-AC1B-00D861156AFC,44415251-ADF0-084E-AC1B-000000000000,584f4251-4000-0000-1001-000000000004,AMD Ryzen 7 2700X Eight-Core Processor,8,Preempted,ds118,694,1
3549031,3DRender,2022-10-04 09:38:34,2022-10-04 09:49:50,251,417,7,1,4F424F4D-0000-0000-0000-08C0EB739E16,44415251-3000-0000-1000-000000000002,584f4251-3000-0000-1000-000000000002,Intel(R) Xeon(R) CPU E5-2680 v4 @ 2.40GHz,28,Completed,ds1,681,2
1060293,Risk,2021-08-29 14:15:39,2021-08-29 14:15:58,0,0,16,0,4F424F4D-58D8-01D7-384B-00D8619C75CA,44415251-58D8-01D7-384B-000000000000,584f4251-4000-0000-1001-000000000001,AMD Ryzen 7 2700X Eight-Core Processor,8,Preempted,ds2,438,1
693889,3DRender,2021-06-17 17:27:53,2021-06-17 17:31:13,16,180,1,1,4F424F4D-58D8-00D7-B077-049226DA3DC0,44415251-58D8-00D7-B077-000000000000,584f4251-4000-0000-1000-000000000016,AMD Ryzen Threadripper 2990WX 32-Core Processor,32,Failed,ds1,681,4
3557393,3DRender,2022-10-05 23:22:16,2022-10-06 00:02:59,2244,162,36,1,4F424F4D-ADF0-084E-AC6B-00D8617B0DE4,44415251-ADF0-084E-AC6B-000000000000,584f4251-4000-0000-1000-000000000006,AMD Ryzen Threadripper 2990WX 32-Core Processor,32,Completed,ds91,769,4
2340096,Risk,2022-04-12 09:04:36,2022-04-12 09:31:33,1553,62,1,1,4F424F4D-58D8-00D7-B0A4-00D861C1E957,44415251-58D8-00D7-B0A4-000000000000,584f4251-2000-0000-0001-000000000001,AMD Ryzen 7 2700X Eight-Core Processor,8,Preempted,ds148,998,1
2329430,3DRender,2022-04-11 17:51:36,2022-04-11 17:56:15,274,1,1,3,4F424F4D-58D8-01D7-3A37-00D861C8FA8C,44415251-58D8-01D7-3A37-000000000000,584f4251-3000-0000-2000-000000000002,AMD Ryzen 7 2700 Eight-Core Processor,8,Completed,ds147,827,6
740729,3DRender,2021-06-30 00:12:50,2021-06-30 00:14:41,4,97,8,1,4F424F4D-58D8-01D7-3A6D-00D8611555E7,44415251-58D8-01D7-3A6D-000000000000,584f4251-4000-0000-1001-000000000004,AMD Ryzen 7 2700X Eight-Core Processor,8,Completed,ds11,956,3
1229246,3DRender,2021-09-29 21:40:16,2021-09-29 22:01:36,1181,74,19,4,4F424F4D-58D8-01D7-3B00-00D861C8FB2D,44415251-58D8-01D7-3B00-000000000000,584f4251-2001-0000-0000-000000000001,AMD Ryzen 7 2700 Eight-Core Processor,8,Completed,ds2,438,0
453403,3DRender,2021-05-10 10:02:51,2021-05-10 10:27:49,155,54,1285,2,4F424F4D-58D8-00D7-B128-00D861C1E9B0,44415251-58D8-00D7-B128-000000000000,584f4251-2000-0000-0001-000000000001,AMD Ryzen 7 2700X Eight-Core Processor,8,Completed,ds667,388,4
2639402,3DRender,2022-05-26 17:08:56,2022-05-26 17:23:46,647,105,116,20,4F424F4D-58D8-01D7-37A3-00D8611555DB,44415251-58D8-01D7-37A3-000000000000,584f4251-4000-0000-1001-000000000003,AMD Ryzen 7 2700X Eight-Core Processor,8,Completed,ds9,466,4
910302,Risk,2021-07-20 11:36:06,2021-07-20 11:39:32,89,98,13,0,4F424F4D-ADF0-084E-AC1B-00D86115556E,44415251-ADF0-084E-AC1B-000000000000,584f4251-4000-0000-1001-000000000004,AMD Ryzen 7 2700X Eight-Core Processor,8,Preempted,ds2,438,3
2413216,3DRender,2022-04-21 20:09:08,2022-04-21 20:14:24,25,274,13,2,4F424F4D-58D8-00D7-B077-049226DA3E11,44415251-58D8-00D7-B077-000000000000,584f4251-4000-0000-1000-000000000016,AMD Ryzen Threadripper 2990WX 32-Core Processor,32,Completed,ds5,576,1
697155,Risk,2021-06-18 21:20:59,2021-06-18 22:19:00,3350,67,57,0,4F424F4D-58D8-01D7-3A04-00D861C8FB44,44415251-58D8-01D7-3A04-000000000000,584f4251-3000-0000-2000-000000000003,AMD Ryzen 7 2700 Eight-Core Processor,8,Preempted,ds1,681,0
2854564,3DRender,2022-06-20 13:40:14,2022-06-20 14:06:01,364,180,1000,2,4F424F4D-ADF0-084E-AC6B-049226DA3E22,44415251-ADF0-084E-AC6B-000000000000,584f4251-4000-0000-1000-000000000006,AMD Ryzen Threadripper 2990WX 32-Core Processor,32,Completed,ds3,497,2
2784146,Risk,2022-06-13 16:36:42,2022-06-13 16:57:25,1053,128,53,1,4F424F4D-58D8-01D7-3842-00D8619C7358,44415251-58D8-01D7-3842-000000000000,584f4251-4000-0000-1001-000000000005,AMD Ryzen 7 2700X Eight-Core Processor,8,Preempted,ds4,142,1
6037,Risk,2021-01-26 12:01:01,2021-01-28 23:11:35,212927,74,29,0,4F424F4D-58D8-01D7-3AF1-00D861C8FD85,44415251-58D8-01D7-3AF1-000000000000,584f4251-3000-0000-2000-000000000002,AMD Ryzen 7 2700 Eight-Core Processor,8,Preempted,ds491,650,5
582622,3DRender,2021-05-30 20:21:59,2021-05-30 20:25:12,123,65,1,3,4F424F4D-58D8-01D7-3B00-00D861C8FB31,44415251-58D8-01D7-3B00-000000000000,584f4251-2001-0000-0000-000000000001,AMD Ryzen 7 2700 Eight-Core Processor,8,Completed,ds29,926,2
1701596,Risk,2022-01-11 15:47:46,2022-01-11 15:48:04,0,0,1,1,4F424F4D-58D8-00D7-B137-00D861156DF3,44415251-58D8-00D7-B137-000000000000,584f4251-4000-0000-1001-000000000005,AMD Ryzen 7 2700X Eight-Core Processor,8,Preempted,ds22,956,6
2083416,3DRender,2022-03-02 19:02:09,2022-03-02 19:03:52,100,1,1,1,4F424F4D-58D8-01D7-3A91-00D8617B0BAD,44415251-58D8-01D7-3A91-000000000000,584f4251-4000-0000-1000-000000000006,AMD Ryzen Threadripper 2990WX 32-Core Processor,32,Completed,ds15,418,6
3108734,Risk,2022-07-20 11:20:36,2022-07-20 11:28:28,38,419,3,0,4F424F4D-ADF0-084E-AC2E-00D8619C7434,44415251-ADF0-084E-AC2E-000000000000,584f4251-4000-0000-1000-000000000017,AMD Ryzen 7 2700X Eight-Core Processor,8,Failed,ds14,696,7
2625427,3DRender,2022-05-24 16:45:18,2022-05-24 17:01:06,644,100,179,24,4F424F4D-ADF0-084E-ABC6-00D8619C74FD,44415251-ADF0-084E-ABC6-000000000000,584f4251-4000-0000-1000-000000000012,AMD Ryzen 7 2700X Eight-Core Processor,8,Completed,ds5,576,2
2511469,3DRender,2022-05-05 11:15:37,2022-05-05 11:16:21,42,1,1,1,4F424F4D-ADF0-084E-AC5B-00D8617B0DB6,44415251-ADF0-084E-AC5B-000000000000,584f4251-4000-0000-1000-000000000016,AMD Ryzen Threadripper 2990WX 32-Core Processor,32,Completed,ds634,831,4
3608816,Risk,2022-10-16 06:36:08,2022-10-16 06:39:12,0,0,180,0,4F424F4D-58D8-00D7-86CE-00D8619C7396,44415251-58D8-00D7-86CE-000000000000,584f4251-4000-0000-1000-000000000017,AMD Ryzen 7 2700X Eight-Core Processor,8,Failed,ds543,455,5
122595,Risk,2021-03-02 04:14:48,2021-03-02 07:10:45,10489,65,1,0,4F424F4D-58D8-01D7-3AB8-00D8612D22A6,44415251-58D8-01D7-3AB8-000000000000,584f4251-3000-0000-2000-000000000006,AMD Ryzen 7 2700 Eight-Core Processor,8,Preempted,ds92,408,7
2262020,3DRender,2022-03-25 04:48:30,2022-03-25 05:20:46,271,77,36,1549,4F424F4D-58D8-01D7-3AF1-00D861C8FB9B,44415251-58D8-01D7-3AF1-000000000000,584f4251-3000-0000-2000-000000000002,AMD Ryzen 7 2700 Eight-Core Processor,8,Completed,ds5,576,7
1178050,3DRender,2021-09-22 16:42:49,2021-09-22 16:45:41,167,1,1,3,4F424F4D-58D8-01D7-3AB5-00D861C8FB52,44415251-58D8-01D7-3AB5-000000000000,584f4251-3000-0000-2000-000000000002,AMD Ryzen 7 2700 Eight-Core Processor,8,Completed,ds157,764,7
1000942,Risk,2021-08-17 04:55:44,2021-08-17 05:14:16,904,192,1,0,4F424F4D-58D8-01D7-3842-00D8619C7361,44415251-58D8-01D7-3842-000000000000,584f4251-4000-0000-1001-000000000005,AMD Ryzen 7 2700X Eight-Core Processor,8,Preempted,ds2,438,4
2563585,3DRender,2022-05-10 09:30:48,2022-05-10 09:31:07,17,1,1,1,4F424F4D-58D8-01D7-0A2B-00D861578418,44415251-58D8-01D7-0A2B-000000000000,584f4251-4000-0000-1000-000000000016,AMD Ryzen Threadripper 2990WX 32-Core Processor,32,Completed,ds17,140,3
2412901,3DRender,2022-04-21 18:35:22,2022-04-21 18:39:20,1,141,95,1,4F424F4D-ADF0-084E-ABC1-049226DA3E40,44415251-ADF0-084E-ABC1-000000000000,584f4251-4000-0000-1000-000000000016,AMD Ryzen Threadripper 2990WX 32-Core Processor,32,Failed,ds5,576,3
651498,3DRender,2021-06-11 17:59:26,2021-06-11 18:07:23,383,92,1,1,4F424F4D-58D8-01D7-37A3-00D861155968,44415251-58D8-01D7-37A3-000000000000,584f4251-4000-0000-1001-000000000003,AMD Ryzen 7 2700X Eight-Core Processor,8,Completed,ds6,846,0
1269703,3DRender,2021-10-06 23:44:00,2021-10-06 23:59:21,825,93,1,3,4F424F4D-58D8-01D7-3863-00D8611556E4,44415251-58D8-01D7-3863-000000000000,584f4251-4000-0000-1001-000000000003,AMD Ryzen 7 2700X Eight-Core Processor,8,Completed,ds51,993,4
3558610,Risk,2022-10-05 11:37:51,2022-10-06 12:50:05,90202,515,5,0,4F424F4D-58D8-01D7-3A6D-00D861156A83,44415251-58D8-01D7-3A6D-000000000000,584f4251-4000-0000-1001-000000000004,AMD Ryzen 7 2700X Eight-Core Processor,8,Cancelled,ds6,846,3
2343078,Risk,2022-04-12 09:52:32,2022-04-12 11:13:50,4817,59,1,1,4F424F4D-58D8-00D7-B299-00D861C8FCEA,44415251-58D8-00D7-B299-000000000000,584f4251-2000-0000-0001-000000000001,AMD Ryzen 7 2700X Eight-Core Processor,8,Cancelled,ds4,142,4
1382254,3DRender,2021-10-23 12:44:15,2021-10-23 12:44:44,27,1,1,1,4F424F4D-58D8-01D7-3A6D-00D861156BA3,44415251-58D8-01D7-3A6D-000000000000,584f4251-4000-0000-1001-000000000004,AMD Ryzen 7 2700X Eight-Core Processor,8,Completed,ds1,681,0
2822875,3DRender,2022-06-16 16:24:14,2022-06-16 16:42:58,890,144,82,4,4F424F4D-58D8-01D7-38BD-00D86157832E,44415251-58D8-01D7-38BD-000000000000,584f4251-4000-0000-1000-000000000006,AMD Ryzen Threadripper 2990WX 32-Core Processor,32,Completed,ds2,438,1
2009652,Risk,2022-02-19 06:49:13,2022-02-19 06:51:47,0,90,55,0,4F424F4D-58D8-01D7-36E9-00D8617B5DB3,44415251-58D8-01D7-36E9-000000000000,584f4251-3000-0000-2000-000000000006,AMD Ryzen 7 2700 Eight-Core Processor,8,Preempted,ds3,497,6
2299586,Risk,2022-04-05 00:37:34,2022-04-05 00:40:39,0,0,183,1,4F424F4D-58D8-01D7-35BD-00D861156C37,44415251-58D8-01D7-35BD-000000000000,584f4251-4000-0000-1001-000000000003,AMD Ryzen 7 2700X Eight-Core Processor,8,Failed,ds1,681,3
274599,3DRender,2021-04-21 05:19:38,2021-04-21 05:21:46,0,121,1,0,4F424F4D-58D8-01D7-3809-049226D9DACC,44415251-58D8-01D7-3809-000000000000,584f4251-4000-0000-1000-000000000004,AMD Ryzen Threadripper 2950X 16-Core Processor,16,Preempted,ds1,681,6
2819715,3DRender,2022-06-16 10:54:04,2022-06-16 10:56:38,152,1,1,1,4F424F4D-58D8-00D7-A615-00D8619C748B,44415251-58D8-00D7-A615-000000000000,584f4251-4000-0000-1000-000000000015,AMD Ryzen 7 2700X Eight-Core Processor,8,Completed,ds234,243,1
2257988,3DRender,2022-03-24 07:44:13,2022-03-24 07:58:50,418,66,43,347,4F424F4D-58D8-01D7-3AF1-00D861C8FB7D,44415251-58D8-01D7-3AF1-000000000000,584f4251-3000-0000-2000-000000000002,AMD Ryzen 7 2700 Eight-Core Processor,8,Completed,ds915,173,1
2965817,Risk,2022-07-02 06:00:46,2022-07-02 06:13:35,661,102,1,1,4F424F4D-58D8-01D7-384B-00D8619C74C2,44415251-58D8-01D7-384B-000000000000,584f4251-4000-0000-1001-000000000001,AMD Ryzen 7 2700X Eight-Core Processor,8,Preempted,ds730,897,3
3258857,3DRender,2022-08-12 12:34:30,2022-08-12 12:34:38,0,0,1,0,4F424F4D-58D8-00D7-A59A-00D8619C76C0,44415251-58D8-00D7-A59A-000000000000,584f4251-4000-0000-1000-000000000019,AMD Ryzen 7 2700X Eight-Core Processor,8,Failed,ds1,681,5
3589010,3DRender,2022-10-12 15:12:07,2022-10-12 15:15:39,210,1,1,1,4F424F4D-58D8-00D7-A3A5-00D8619C73E1,44415251-58D8-00D7-A3A5-000000000000,584f4251-4000-0000-1000-000000000015,AMD Ryzen 7 2700X Eight-Core Processor,8,Completed,ds1,681,1
1119009,3DRender,2021-09-12 19:24:44,2021-09-12 19:27:18,152,1,1,2,4F424F4D-58D8-00D7-B08C-00D861C8FAD7,44415251-58D8-00D7-B08C-000000000000,584f4251-2001-0000-0000-000000000002,AMD Ryzen 7 2700 Eight-Core Processor,8,Completed,ds391,887,1
2663410,3DRender,2022-05-31 17:06:25,2022-05-31 17:08:16,4,106,1,1,4F424F4D-58D8-00D7-A615-00D8619C7473,44415251-58D8-00D7-A615-000000000000,584f4251-4000-0000-1000-000000000015,AMD Ryzen 7 2700X Eight-Core Processor,8,Failed,ds10,801,3
1180994,3DRender,2021-09-22 18:30:55,2021-09-22 18:32:43,105,1,1,2,4F424F4D-58D8-01D7-3863-00D8611556F5,44415251-58D8-01D7-3863-000000000000,584f4251-4000-0000-1001-000000000003,AMD Ryzen 7 2700X Eight-Core Processor,8,Completed,ds1,681,0
1080271,Risk,2021-08-31 06:30:58,2021-08-31 06:34:14,0,0,186,1,4F424F4D-58D8-01D7-3AB8-00D8617B5DE7,44415251-58D8-01D7-3AB8-000000000000,584f4251-3000-0000-2000-000000000006,AMD Ryzen 7 2700 Eight-Core Processor,8,Failed,ds7,394,5
2302614,Risk,2022-04-05 15:17:45,2022-04-05 15:20:51,0,0,179,1,4F424F4D-58D8-01D7-37A3-00D8611555BD,44415251-58D8-01D7-37A3-000000000000,584f4251-4000-0000-1001-000000000003,AMD Ryzen 7 2700X Eight-Core Processor,8,Failed,ds2,438,6
693053,3DRender,2021-06-17 10:41:57,2021-06-17 10:44:58,115,62,1,1,4F424F4D-58D8-01D7-3B03-00D861C8FC69,44415251-58D8-01D7-3B03-000000000000,584f4251-3000-0000-2000-000000000002,AMD Ryzen 7 2700 Eight-Core Processor,8,Completed,ds2,438,2
203521,3DRender,2021-03-27 21:51:47,2021-03-27 22:06:30,808,73,1,1,4F424F4D-58D8-01D7-3AEE-00D8617B5FF9,44415251-58D8-01D7-3AEE-000000000000,584f4251-2001-0000-0000-000000000001,AMD Ryzen 7 2700 Eight-Core Processor,8,Completed,ds30,323,0
1387516,Risk,2021-10-24 16:30:06,2021-10-24 16:30:33,0,17,1,1,4F424F4D-58D8-01D7-35BD-00D8611557B1,44415251-58D8-01D7-35BD-000000000000,584f4251-4000-0000-1001-000000000003,AMD Ryzen 7 2700X Eight-Core Processor,8,Preempted,ds163,725,5
1569619,3DRender,2021-12-03 22:45:02,2021-12-03 22:49:27,262,1,1,2,4F424F4D-58D8-00D7-AF51-049226DA6558,44415251-58D8-00D7-AF51-000000000000,584f4251-4000-0000-1000-000000000006,AMD Ryzen Threadripper 2990WX 32-Core Processor,32,Completed,ds1,681,5
3604002,Risk,2022-10-14 15:39:43,2022-10-14 15:51:35,513,160,30,0,4F424F4D-58D8-01D7-3A6D-00D861156A87,44415251-58D8-01D7-3A6D-000000000000,584f4251-4000-0000-1001-000000000004,AMD Ryzen 7 2700X Eight-Core Processor,8,Preempted,ds35,140,7
2300643,Risk,2022-04-05 05:22:58,2022-04-05 05:25:59,0,0,179,1,4F424F4D-58D8-01D7-3863-00D86115566C,44415251-58D8-01D7-3863-000000000000,584f4251-4000-0000-1001-000000000003,AMD Ryzen 7 2700X Eight-Core Processor,8,Failed,ds159,869,2
459220,3DRender,2021-05-12 10:18:06,2021-05-12 10:21:47,161,57,1,1,4F424F4D-58D8-01D7-3B00-00D861C8FCD3,44415251-58D8-01D7-3B00-000000000000,584f4251-2001-0000-0000-000000000001,AMD Ryzen 7 2700 Eight-Core Processor,8,Completed,ds573,196,2
3096008,Risk,2022-07-19 23:08:01,2022-07-19 23:13:51,10,329,5,0,4F424F4D-ADF0-084E-ABC6-00D8619C73BE,44415251-ADF0-084E-ABC6-000000000000,584f4251-4000-0000-1000-000000000012,AMD Ryzen 7 2700X Eight-Core Processor,8,Failed,ds13,789,3
2866967,3DRender,2022-06-21 17:38:46,2022-06-21 17:41:08,23,118,1,1,4F424F4D-ADF0-094E-099B-00D8617B0EF2,44415251-ADF0-094E-099B-000000000000,584f4251-4000-0000-1001-000000000006,AMD Ryzen Threadripper 2950X 16-Core Processor,16,Completed,ds89,921,0
521382,3DRender,2021-05-19 21:07:44,2021-05-19 21:08:56,5,55,8,3,4F424F4D-58D8-00D7-B09B-00D861C1E974,44415251-58D8-00D7-B09B-000000000000,584f4251-2000-0000-0001-000000000001,AMD Ryzen 7 2700X Eight-Core Processor,8,Completed,ds4,142,5
2084026,3DRender,2022-03-02 20:06:36,2022-03-02 20:08:26,106,1,1,2,4F424F4D-58D8-01D7-3A91-00D8617B0BA1,44415251-58D8-01D7-3A91-000000000000,584f4251-4000-0000-1000-000000000006,AMD Ryzen Threadripper 2990WX 32-Core Processor,32,Completed,ds1,681,1
982076,Risk,2021-08-07 11:00:09,2021-08-10 01:05:59,223354,176,1,0,4F424F4D-ADF0-084E-AC1B-00D861155555,44415251-ADF0-084E-AC1B-000000000000,584f4251-4000-0000-1001-000000000004,AMD Ryzen 7 2700X Eight-Core Processor,8,Preempted,ds2,438,3
1016591,Risk,2021-08-21 15:58:40,2021-08-21 16:18:38,999,180,1,0,4F424F4D-ADF0-084E-AC1B-00D86115555A,44415251-ADF0-084E-AC1B-000000000000,584f4251-4000-0000-1001-000000000004,AMD Ryzen 7 2700X Eight-Core Processor,8,Preempted,ds1,681,6
198780,Risk,2021-03-25 17:18:14,2021-03-25 17:21:17,0,0,180,1,4F424F4D-ADF0-084E-AC68-00D86115566D,44415251-ADF0-084E-AC68-000000000000,584f4251-4000-0000-1001-000000000004,AMD Ryzen 7 2700X Eight-Core Processor,8,Failed,ds29,926,2
196694,Risk,2021-03-25 10:03:40,2021-03-25 10:27:57,1299,136,14,0,4F424F4D-58D8-01D7-3A6D-00D861156B42,44415251-58D8-01D7-3A6D-000000000000,584f4251-4000-0000-1001-000000000004,AMD Ryzen 7 2700X Eight-Core Processor,8,Preempted,ds519,783,2
1939450,3DRender,2022-02-09 22:15:34,2022-02-09 22:23:05,446,1,1,3,4F424F4D-58D8-01D7-3653-00D861156957,44415251-58D8-01D7-3653-000000000000,584f4251-4000-0000-1001-000000000004,AMD Ryzen 7 2700X Eight-Core Processor,8,Completed,ds683,723,0
1387115,3DRender,2021-10-24 16:07:56,2021-10-24 16:15:34,320,105,28,3,4F424F4D-58D8-01D7-365F-00D861578142,44415251-58D8-01D7-365F-000000000000,584f4251-4000-0000-1001-000000000006,AMD Ryzen Threadripper 2950X 16-Core Processor,16,Completed,ds105,148,2
2140360,Risk,2022-03-08 13:17:19,2022-03-08 21:43:28,30207,108,52,1,4F424F4D-58D8-01D7-3863-00D861155656,44415251-58D8-01D7-3863-000000000000,584f4251-4000-0000-1001-000000000003,AMD Ryzen 7 2700X Eight-Core Processor,8,Preempted,ds1,681,1
761600,3DRender,2021-07-02 14:00:26,2021-07-02 14:01:26,1,58,1,1,4F424F4D-58D8-01D7-3AB5-00D861C8FC14,44415251-58D8-01D7-3AB5-000000000000,584f4251-3000-0000-2000-000000000002,AMD Ryzen 7 2700 Eight-Core Processor,8,Failed,ds433,609,1
3570976,3DRender,2022-10-09 07:37:16,2022-10-09 07:40:00,7,151,3,2,4F424F4D-58D8-01D7-384B-00D8619C74C2,44415251-58D8-01D7-384B-000000000000,584f4251-4000-0000-1001-000000000001,AMD Ryzen 7 2700X Eight-Core Processor,8,Completed,ds359,805,4
620012,3DRender,2021-06-08 17:20:14,2021-06-08 17:20:16,0,2,1,0,4F424F4D-58D8-01D7-3A37-00D861C8FAB8,44415251-58D8-01D7-3A37-000000000000,584f4251-3000-0000-2000-000000000002,AMD Ryzen 7 2700 Eight-Core Processor,8,Preempted,ds3,497,4
2434707,Risk,2022-04-22 23:21:35,2022-04-24 12:21:05,133080,82,1,1,4F424F4D-58D8-01D7-384B-00D8619C77B5,44415251-58D8-01D7-384B-000000000000,584f4251-4000-0000-1001-000000000001,AMD Ryzen 7 2700X Eight-Core Processor,8,Preempted,ds426,533,5
1198235,3DRender,2021-09-25 20:00:26,2021-09-25 20:02:35,31,97,1,1,4F424F4D-58D8-01D7-3653-00D86115566F,44415251-58D8-01D7-3653-000000000000,584f4251-4000-0000-1001-000000000004,AMD Ryzen 7 2700X Eight-Core Processor,8,Completed,ds2,438,2
1007861,Risk,2021-08-18 07:17:39,2021-08-18 21:59:06,52663,202,1,0,4F424F4D-ADF0-084E-AC68-00D861155690,44415251-ADF0-084E-AC68-000000000000,584f4251-4000-0000-1001-000000000004,AMD Ryzen 7 2700X Eight-Core Processor,8,Preempted,ds1,681,5
693011,3DRender,2021-06-17 10:42:13,2021-06-17 10:44:04,107,1,1,3,4F424F4D-58D8-01D7-37A3-00D8611555A7,44415251-58D8-01D7-37A3-000000000000,584f4251-4000-0000-1001-000000000003,AMD Ryzen 7 2700X Eight-Core Processor,8,Completed,ds8,595,2
196914,Risk,2021-03-25 10:27:34,2021-03-25 10:33:07,239,77,12,0,4F424F4D-58D8-01D7-3653-00D861156AC9,44415251-58D8-01D7-3653-000000000000,584f4251-4000-0000-1001-000000000004,AMD Ryzen 7 2700X Eight-Core Processor,8,Preempted,ds6,846,4
645474,3DRender,2021-06-10 14:13:36,2021-06-10 14:31:48,979,99,10,2,4F424F4D-58D8-01D7-37A3-00D86115561E,44415251-58D8-01D7-37A3-000000000000,584f4251-4000-0000-1001-000000000003,AMD Ryzen 7 2700X Eight-Core Processor,8,Completed,ds4,142,0
106768,3DRender,2021-02-23 22:06:09,2021-02-23 22:07:24,18,56,1,1,4F424F4D-58D8-00D7-B1CD-00D861C8FBAF,44415251-58D8-00D7-B1CD-000000000000,584f4251-2000-0000-0001-000000000001,AMD Ryzen 7 2700X Eight-Core Processor,8,Failed,ds2,438,0
899663,3DRender,2021-07-17 14:48:57,2021-07-17 14:54:04,205,92,1,0,4F424F4D-58D8-01D7-37A3-00D8611555D2,44415251-58D8-01D7-37A3-000000000000,584f4251-4000-0000-1001-000000000003,AMD Ryzen 7 2700X Eight-Core Processor,8,Preempted,ds2,438,5
725298,3DRender,2021-06-25 14:17:44,2021-06-25 14:18:49,5,58,1,1,4F424F4D-58D8-01D7-3AF1-00D861C8FB38,44415251-58D8-01D7-3AF1-000000000000,584f4251-3000-0000-2000-000000000002,AMD Ryzen 7 2700 Eight-Core Processor,8,Failed,ds101,939,5
3160786,3DRender,2022-07-27 10:47:14,2022-07-27 10:59:05,510,162,37,1,4F424F4D-58D8-00D7-86CE-00D8619C73B6,44415251-58D8-00D7-86CE-000000000000,584f4251-4000-0000-1000-000000000017,AMD Ryzen 7 2700X Eight-Core Processor,8,Completed,ds1,681,4
